Date,Open,High,Low,Close,Volume
2020-01-01 19:00:00,130.28,131.15,130.28,130.59,5.75597655
2020-01-02 19:00:00,130.5,130.5,126.69,127.24,311.57704113
2020-01-03 19:00:00,126.38,134.4,126.38,133.86,138.71528783
2020-01-04 19:00:00,134.12,135.24,132.95,134.5,44.50658291
2020-01-05 19:00:00,136.16,137.91,116.77,135.24,404.83771074
2020-01-06 19:00:00,135.02,144.39,135.02,144.39,401.71016842
2020-01-07 19:00:00,144.86,144.87,139.17,143.39,418.76485744
2020-01-08 19:00:00,144.33,147.0,135.01,135.02,186.10670571
2020-01-09 19:00:00,141.42,141.42,136.1,137.52,63.13832739
2020-01-10 19:00:00,138.04,144.58,135.57,143.84,150.15715902
2020-01-11 19:00:00,144.41,146.74,142.42,143.01,49.7168133
2020-01-12 19:00:00,142.29,145.67,142.29,144.63,57.89505613
2020-01-13 19:00:00,146.21,146.21,141.94,141.94,56.16731417
2020-01-14 19:00:00,144.54,169.19,135.0,166.22,369.0592913
2020-01-15 19:00:00,164.0,171.5,161.11,165.41,236.15831582
2020-01-16 19:00:00,164.79,164.79,155.65,164.35,85.5934374
2020-01-17 19:00:00,162.86,174.02,162.86,171.57,167.47847979
2020-01-18 19:00:00,170.79,179.62,145.09,175.61,419.48570448
2020-01-19 19:00:00,173.97,177.39,163.11,167.11,156.23558315
2020-01-20 19:00:00,165.12,169.03,163.02,167.32,166.00868859
2020-01-21 19:00:00,167.0,169.73,165.06,169.73,141.81194552
2020-01-22 19:00:00,168.82,171.25,164.62,167.95,55.58974949
2020-01-23 19:00:00,167.92,167.92,159.71,162.68,265.00720624
2020-01-24 19:00:00,160.73,163.79,155.71,163.79,100.13071537
2020-01-25 19:00:00,159.61,162.0,158.49,162.0,22.14992468
2020-01-26 19:00:00,160.53,167.69,160.52,167.6,334.59220367
2020-01-27 19:00:00,169.2,171.88,167.02,171.33,24.70318965
2020-01-28 19:00:00,173.5,176.0,169.32,176.0,295.19876429
2020-01-29 19:00:00,176.7,180.99,175.0,175.0,330.99786684000003
2020-01-30 19:00:00,173.46,184.8,171.2,184.38,154.68952646
2020-01-31 19:00:00,185.04,187.06,175.51,180.0,367.97958165
2020-02-01 19:00:00,182.51,183.94,181.14,183.1,53.60566255
2020-02-02 19:00:00,181.72,192.61,180.01,188.89,164.04170909
2020-02-03 19:00:00,188.16,193.98,185.04,188.99,289.64719827
2020-02-04 19:00:00,190.94,190.94,185.01,188.43,99.31930458
2020-02-05 19:00:00,189.45,204.8,189.45,204.18,257.64536362
2020-02-06 19:00:00,203.7,216.51,202.09,213.4,357.78064328
2020-02-07 19:00:00,215.9,225.0,215.52,223.51,490.20173287
2020-02-08 19:00:00,223.57,228.87,195.11,224.33,419.39130449
2020-02-09 19:00:00,223.91,229.21,220.16,226.59,438.56184482
2020-02-10 19:00:00,229.0,229.0,216.61,224.58,293.34285745
2020-02-11 19:00:00,220.54,238.36,218.5,236.4,482.51605517
2020-02-12 19:00:00,240.31,276.57,240.31,265.97,644.9233929
2020-02-13 19:00:00,265.79,276.71,237.45,267.89,800.25649405
2020-02-14 19:00:00,268.13,286.29,261.55,286.29,570.30285559
2020-02-15 19:00:00,287.93,288.0,252.55,263.77,1068.71954508
2020-02-16 19:00:00,264.95,272.81,237.45,259.42,642.13059024
2020-02-17 19:00:00,259.42,267.79,243.35,267.55,414.46760676
2020-02-18 19:00:00,266.68,286.32,260.0,281.57,790.04303889
2020-02-19 19:00:00,281.47,286.05,252.75,259.19,749.02004389
2020-02-20 19:00:00,257.34,263.25,246.4,258.34,508.01105055
2020-02-21 19:00:00,255.74,270.45,254.64,262.95,391.97913881
2020-02-22 19:00:00,265.63,265.64,256.85,263.36,419.10473181
2020-02-23 19:00:00,262.51,275.68,261.74,275.68,149.0697582
2020-02-24 19:00:00,275.38,275.38,257.44,265.84,562.66340024
2020-02-25 19:00:00,264.57,311.43,245.0,247.1,761.9262399
2020-02-26 19:00:00,246.02,286.57,209.4,224.43,3084.47641291
2020-02-27 19:00:00,223.64,238.3,210.09,224.81,1051.78577375
2020-02-28 19:00:00,227.81,233.17,214.73,227.0,501.43242224
2020-02-29 19:00:00,227.5,232.63,217.51,217.51,731.8377214
2020-03-01 19:00:00,217.51,227.63,213.0,219.24,519.20929861
2020-03-02 19:00:00,217.79,233.61,217.31,230.78,968.47508051
2020-03-03 19:00:00,229.34,231.99,220.5,224.26,162.72306894
2020-03-04 19:00:00,223.49,227.75,218.5,223.77,422.23352503
2020-03-05 19:00:00,224.71,233.76,224.71,227.02,451.62336291
2020-03-06 19:00:00,228.54,245.0,227.82,245.0,167.05617588
2020-03-07 19:00:00,245.88,250.78,236.26,237.25,554.73480357
2020-03-08 19:00:00,236.72,236.72,203.98,204.25,552.00825844
2020-03-09 19:00:00,204.38,207.96,190.52,198.07,969.42507392
2020-03-10 19:00:00,198.0,205.0,195.98,202.9,446.675363
2020-03-11 19:00:00,202.11,202.11,182.34,194.94,711.46141712
2020-03-12 19:00:00,194.37,195.24,124.11,126.8,7019.36821442
2020-03-13 19:00:00,126.96,142.87,87.57,128.71,16550.11999927
2020-03-14 19:00:00,134.93,135.25,123.19,124.82,528.08836253
2020-03-15 19:00:00,123.09,133.43,107.0,123.03,9313.0613326
2020-03-16 19:00:00,124.05,124.05,99.91,108.09,2546.60095479
2020-03-17 19:00:00,107.69,120.24,107.64,117.75,1276.6327102
2020-03-18 19:00:00,116.89,118.16,110.49,116.87,558.87887397
2020-03-19 19:00:00,118.05,142.5,116.02,140.37,2089.6791956
2020-03-20 19:00:00,141.02,151.73,116.76,131.09,3041.90451202
2020-03-21 19:00:00,132.0,137.44,126.74,133.5,732.46654582
2020-03-22 19:00:00,132.8,135.4,121.88,123.11,1521.7859503
2020-03-23 19:00:00,123.11,137.33,120.27,131.2,1234.03825464
2020-03-24 19:00:00,133.39,143.16,132.62,140.0,2092.83788486
2020-03-25 19:00:00,138.0,141.7,133.13,135.4,902.7911716
2020-03-26 19:00:00,135.92,137.28,133.77,135.62,366.31882084
2020-03-27 19:00:00,137.28,141.26,134.56,137.35,681.52597381
2020-03-28 19:00:00,136.1,136.1,124.0,131.95,1147.03368442
2020-03-29 19:00:00,131.24,131.24,122.7,125.38,740.55690988
2020-03-30 19:00:00,125.44,135.01,121.0,134.77,1841.39118106
2020-03-31 19:00:00,131.89,135.0,130.78,134.21,793.47806776
2020-04-01 19:00:00,133.62,133.9,129.26,133.65,755.65081794
2020-04-02 19:00:00,134.59,150.0,134.59,142.21,1708.46420494
2020-04-03 19:00:00,141.26,145.66,138.43,141.17,599.4156710999999
2020-04-04 19:00:00,141.54,145.75,139.94,144.18,278.96639043
2020-04-05 19:00:00,145.57,145.58,141.0,143.45,184.83706543
2020-04-06 19:00:00,144.0,166.89,135.0,165.34,4120.63682071
2020-04-07 19:00:00,165.67,175.59,162.9,166.55,2407.93374373
2020-04-08 19:00:00,163.38,173.98,163.38,172.35,919.54283456
2020-04-09 19:00:00,172.49,173.35,165.04,169.81,277.8859637
2020-04-10 19:00:00,170.91,171.06,152.89,157.54,2629.76865869
2020-04-11 19:00:00,158.34,160.95,154.19,157.69,909.58464957
2020-04-12 19:00:00,157.69,164.91,156.09,161.16,802.0519429
2020-04-13 19:00:00,160.95,161.39,149.66,157.69,1229.22100587
2020-04-14 19:00:00,158.12,161.61,155.85,159.64,476.74878411
2020-04-15 19:00:00,158.99,161.22,155.06,156.01,1206.80507018
2020-04-16 19:00:00,155.09,175.0,149.5,173.98,1162.2825441
2020-04-17 19:00:00,174.0,174.0,165.23,170.46,1197.6686867
2020-04-18 19:00:00,170.85,188.8,170.8,188.7,1258.002992
2020-04-19 19:00:00,186.48,188.04,176.36,182.65,1478.73598232
2020-04-20 19:00:00,182.65,185.8,167.6,172.75,988.80022708
2020-04-21 19:00:00,172.48,183.54,168.61,172.79,879.20389723
2020-04-22 19:00:00,171.38,183.5,170.5,181.53,904.26874353
2020-04-23 19:00:00,182.34,193.85,179.23,188.74,1202.07885554
2020-04-24 19:00:00,188.75,189.44,182.82,186.32,1213.63496389
2020-04-25 19:00:00,187.0,197.61,187.0,194.0,810.5025783899999
2020-04-26 19:00:00,194.08,199.48,192.99,194.82,642.76484852
2020-04-27 19:00:00,195.21,198.8,190.0,196.3,306.8499603
2020-04-28 19:00:00,196.69,197.32,192.62,195.96,472.11671036
2020-04-29 19:00:00,196.46,218.64,171.0,215.07,4728.63742574
2020-04-30 19:00:00,215.31,228.4,194.39,208.33,5098.39006389
2020-05-01 19:00:00,207.31,216.82,205.46,211.77,914.0782779
2020-05-02 19:00:00,212.63,215.29,210.85,213.6,203.54716896
2020-05-03 19:00:00,214.28,217.37,206.0,211.02,554.66347124
2020-05-04 19:00:00,210.7,210.7,193.31,207.23,1850.17394727
2020-05-05 19:00:00,206.1,211.17,201.21,204.29,369.19089866
2020-05-06 19:00:00,203.9,210.6,202.3,206.16,743.30517278
2020-05-07 19:00:00,204.93,214.03,196.62,212.76,897.16221486
2020-05-08 19:00:00,211.76,219.41,208.0,213.72,2847.25959049
2020-05-09 19:00:00,212.17,213.91,209.0,210.5,428.72901333
2020-05-10 19:00:00,210.66,211.24,176.4,189.83,2429.37044426
2020-05-11 19:00:00,188.7,191.76,154.0,184.65,2107.94423407
2020-05-12 19:00:00,184.07,192.0,184.07,189.76,704.51317972
2020-05-13 19:00:00,189.57,200.72,189.15,198.23,1583.91048185
2020-05-14 19:00:00,198.83,205.38,196.21,203.36,576.37838943
2020-05-15 19:00:00,203.3,203.92,191.43,196.54,865.17277107
2020-05-16 19:00:00,196.51,203.3,194.4,201.23,291.40661659
2020-05-17 19:00:00,200.5,209.56,200.0,207.58,599.09253
2020-05-18 19:00:00,207.5,216.7,207.5,214.8,721.60846659
2020-05-19 19:00:00,214.8,215.82,209.96,214.0,1065.35529799
2020-05-20 19:00:00,213.05,215.2,206.09,210.42,516.55312463
2020-05-21 19:00:00,209.9,211.31,190.0,199.2,764.7439149
2020-05-22 19:00:00,200.51,208.89,196.49,208.17,366.58210864
2020-05-23 19:00:00,206.86,210.7,204.65,207.58,667.47959288
2020-05-24 19:00:00,207.63,210.31,202.0,207.73,275.01429002000003
2020-05-25 19:00:00,205.5,205.5,199.08,203.6,267.39805639
2020-05-26 19:00:00,204.12,204.12,198.27,201.03,327.20031111
2020-05-27 19:00:00,201.82,207.28,201.82,206.48,230.51442933
2020-05-28 19:00:00,208.04,216.53,204.96,216.39,487.77439497
2020-05-29 19:00:00,216.93,224.5,216.93,220.75,783.89335192
2020-05-30 19:00:00,221.04,247.23,218.86,246.45,1427.52814468
2020-05-31 19:00:00,244.5,245.13,232.17,233.68,903.44823491
2020-06-01 19:00:00,232.07,246.33,230.28,246.33,699.00723057
2020-06-02 19:00:00,247.04,253.48,226.32,237.43,1982.1867566
2020-06-03 19:00:00,236.79,242.52,233.82,241.94,449.65046981
2020-06-04 19:00:00,243.11,246.39,233.57,243.28,991.1640787
2020-06-05 19:00:00,243.9,247.25,239.69,240.48,819.07095975
2020-06-06 19:00:00,239.7,244.21,238.2,241.74,1462.38076267
2020-06-07 19:00:00,241.71,243.32,234.48,243.32,679.61602997
2020-06-08 19:00:00,244.0,245.07,240.89,243.2,1042.73605595
2020-06-09 19:00:00,242.75,249.92,239.56,244.9,2133.86996546
2020-06-10 19:00:00,244.51,249.97,242.43,247.52,786.5641561799999
2020-06-11 19:00:00,247.36,249.43,225.72,232.0,1791.05736218
2020-06-12 19:00:00,231.89,239.35,229.44,237.47,392.47512475
2020-06-13 19:00:00,235.87,238.02,235.0,237.67,263.01896578
2020-06-14 19:00:00,238.21,238.21,230.44,233.87,280.68005876
2020-06-15 19:00:00,233.66,233.66,218.82,230.72,1043.92809111
2020-06-16 19:00:00,231.19,235.9,229.46,234.73,953.26238153
2020-06-17 19:00:00,234.48,236.59,228.48,232.07,1154.66634801
2020-06-18 19:00:00,233.03,234.12,228.64,230.82,1200.33184423
2020-06-19 19:00:00,231.04,232.73,226.75,230.3,1182.83538124
2020-06-20 19:00:00,228.88,230.48,224.97,228.84,208.93842518
2020-06-21 19:00:00,229.19,230.98,227.53,227.53,556.3053053
2020-06-22 19:00:00,227.88,245.88,227.88,242.71,667.92774882
2020-06-23 19:00:00,243.04,244.93,241.04,243.03,1085.99531028
2020-06-24 19:00:00,243.13,249.12,231.21,234.81,1328.46416839
2020-06-25 19:00:00,235.55,235.55,228.0,232.95,366.615849
2020-06-26 19:00:00,232.52,232.52,227.89,230.39,715.62932019
2020-06-27 19:00:00,230.09,230.52,214.0,220.0,1117.94003037
2020-06-28 19:00:00,219.43,227.92,217.25,224.21,940.53904874
2020-06-29 19:00:00,224.22,229.66,221.49,228.12,770.66805156
2020-06-30 19:00:00,227.75,227.98,223.57,225.51,435.95675518
2020-07-01 19:00:00,225.25,232.9,224.85,230.77,439.37235908
2020-07-02 19:00:00,231.14,231.51,222.46,226.64,545.35855661
2020-07-03 19:00:00,226.9,228.0,225.84,225.99,186.90093566
2020-07-04 19:00:00,225.35,229.89,224.63,228.77,360.90196243
2020-07-05 19:00:00,229.61,229.61,223.54,227.91,382.11917341
2020-07-06 19:00:00,227.26,240.1,227.26,238.59,1818.88906177
2020-07-07 19:00:00,239.68,243.44,234.81,238.8,558.11989353
2020-07-08 19:00:00,239.4,248.76,237.55,247.52,1500.69783544
2020-07-09 19:00:00,246.94,247.82,235.56,241.98,1411.71527621
2020-07-10 19:00:00,241.39,242.13,236.18,239.98,504.64338869
2020-07-11 19:00:00,241.16,241.54,238.01,238.66,155.40508884
2020-07-12 19:00:00,239.72,243.75,237.0,240.17,453.28146472
2020-07-13 19:00:00,240.55,245.43,237.76,239.4,655.98909432
2020-07-14 19:00:00,239.62,241.9,237.2,240.96,159.28104537000002
2020-07-15 19:00:00,240.05,240.52,237.06,238.38,621.56251117
2020-07-16 19:00:00,238.3,239.23,230.44,233.29,655.0281869199999
2020-07-17 19:00:00,233.28,234.1,231.97,232.89,288.40933677
2020-07-18 19:00:00,233.13,236.67,232.46,235.78,352.88519291
2020-07-19 19:00:00,235.69,237.72,233.62,237.63,329.19472933000003
2020-07-20 19:00:00,238.24,239.49,234.45,235.97,290.82603979
2020-07-21 19:00:00,236.56,246.4,236.18,244.97,487.75444959
2020-07-22 19:00:00,244.45,268.65,241.83,262.1,955.57207957
2020-07-23 19:00:00,262.78,285.11,260.25,274.73,2904.09718654
2020-07-24 19:00:00,274.75,286.92,267.16,281.42,1564.21309192
2020-07-25 19:00:00,281.07,307.81,278.06,306.0,1563.96642394
2020-07-26 19:00:00,307.01,318.95,299.74,312.27,1856.66667105
2020-07-27 19:00:00,311.16,332.62,309.96,327.49,2123.29944429
2020-07-28 19:00:00,327.09,327.09,304.04,316.23,2633.4984193
2020-07-29 19:00:00,318.02,325.12,314.26,321.63,535.28848116
2020-07-30 19:00:00,321.32,341.77,314.33,334.43,1754.39303933
2020-07-31 19:00:00,333.2,348.85,328.81,344.88,1676.11861542
2020-08-01 19:00:00,343.32,392.0,343.32,387.34,2073.75043033
2020-08-02 19:00:00,387.41,414.94,308.65,372.6,4297.47189673
2020-08-03 19:00:00,372.98,399.59,367.18,383.13,1856.72347081
2020-08-04 19:00:00,382.31,402.7,380.32,390.09,2594.37846537
2020-08-05 19:00:00,392.93,406.22,384.19,396.35,1526.92048918
2020-08-06 19:00:00,397.62,403.5,392.08,393.07,1427.86025726
2020-08-07 19:00:00,392.95,397.67,362.78,381.28,1940.85393715
2020-08-08 19:00:00,379.83,393.47,375.97,389.56,1068.59529198
2020-08-09 19:00:00,389.38,399.95,384.59,389.1,1349.44980312
2020-08-10 19:00:00,388.46,398.67,381.18,394.41,980.84731492
2020-08-11 19:00:00,394.72,397.36,367.36,375.71,2459.42322299
2020-08-12 19:00:00,375.4,388.89,366.72,385.95,1113.88920559
2020-08-13 19:00:00,386.34,432.03,376.33,425.36,3023.5353949
2020-08-14 19:00:00,424.22,444.16,418.09,438.91,2525.06707384
2020-08-15 19:00:00,438.71,442.29,427.17,433.34,817.83323073
2020-08-16 19:00:00,430.13,436.22,412.0,432.57,1315.98921432
2020-08-17 19:00:00,433.39,446.15,420.13,438.44,1425.88658264
2020-08-18 19:00:00,438.52,438.64,415.72,424.99,1181.69385213
2020-08-19 19:00:00,423.8,426.38,393.95,405.5,2670.09401139
2020-08-20 19:00:00,407.43,419.73,403.9,414.05,1149.34904942
2020-08-21 19:00:00,414.73,416.65,382.54,389.58,2166.28595891
2020-08-22 19:00:00,390.26,394.77,380.01,392.54,953.44997986
2020-08-23 19:00:00,392.71,397.02,383.02,391.23,3197.5097991
2020-08-24 19:00:00,392.33,408.66,389.09,406.03,753.72028382
2020-08-25 19:00:00,406.38,410.06,370.12,383.45,1470.55845317
2020-08-26 19:00:00,381.93,392.39,377.78,385.57,1168.88023486
2020-08-27 19:00:00,385.57,396.87,372.07,380.33,1295.47163472
2020-08-28 19:00:00,381.36,397.27,380.0,392.37,718.34726778
2020-08-29 19:00:00,393.0,405.68,392.31,401.31,672.90298675
2020-08-30 19:00:00,402.62,427.4,398.58,423.19,1242.03608798
2020-08-31 19:00:00,424.32,438.69,419.07,436.29,1437.29965371
2020-09-01 19:00:00,437.33,488.62,431.77,479.64,4065.99632876
2020-09-02 19:00:00,483.19,485.81,420.8,442.17,3090.78771377
2020-09-03 19:00:00,441.5,449.21,392.84,396.57,4390.12608212
2020-09-04 19:00:00,394.86,400.0,360.0,387.81,5905.66957572
2020-09-05 19:00:00,387.79,393.16,311.85,322.0,8241.55395258
2020-09-06 19:00:00,319.61,360.14,316.89,351.85,1861.66807265
2020-09-07 19:00:00,351.23,358.24,293.11,352.47,5752.46002987
2020-09-08 19:00:00,352.92,356.49,325.0,335.91,3576.69794262
2020-09-09 19:00:00,337.49,358.08,331.91,354.2,2272.94163805
2020-09-10 19:00:00,356.0,377.94,351.75,368.57,3314.3316616
2020-09-11 19:00:00,367.28,374.37,357.81,373.27,1784.94853058
2020-09-12 19:00:00,374.21,387.66,366.12,383.91,918.65411323
2020-09-13 19:00:00,385.0,390.11,353.0,364.83,3439.03456882
2020-09-14 19:00:00,364.79,383.99,357.66,370.84,4375.8908894
2020-09-15 19:00:00,372.63,382.04,362.82,365.57,3456.51549303
2020-09-16 19:00:00,364.0,372.04,355.34,367.64,1591.88931384
2020-09-17 19:00:00,366.95,394.24,363.16,388.44,7406.48015416
2020-09-18 19:00:00,387.89,391.67,374.0,384.02,1201.89284618
2020-09-19 19:00:00,384.31,388.36,378.66,383.82,592.91876603
2020-09-20 19:00:00,383.61,385.87,365.57,368.4,4917.99474048
2020-09-21 19:00:00,369.48,375.96,330.0,344.76,3926.5475098
2020-09-22 19:00:00,344.06,347.79,335.4,345.18,1559.94049679
2020-09-23 19:00:00,343.83,344.0,300.0,323.23,1847.64312788
2020-09-24 19:00:00,322.83,352.33,316.95,350.69,3007.52376374
2020-09-25 19:00:00,351.0,358.2,337.97,352.04,1659.03469669
2020-09-26 19:00:00,352.59,355.42,346.6,354.05,2087.71901219
2020-09-27 19:00:00,354.25,361.73,347.5,355.2,785.9647849
2020-09-28 19:00:00,354.36,367.51,354.36,361.05,1194.06982406
2020-09-29 19:00:00,361.44,361.44,350.42,356.5,1729.30353813
2020-09-30 19:00:00,358.82,360.3,352.05,359.22,789.37595647
2020-10-01 19:00:00,360.55,369.12,330.0,352.16,4246.94787215
2020-10-02 19:00:00,351.49,353.62,334.51,345.22,2000.40551498
2020-10-03 19:00:00,346.04,351.08,344.26,347.84,490.00198741
2020-10-04 19:00:00,346.8,354.92,344.13,351.8,1582.83315195
2020-10-05 19:00:00,352.28,355.39,346.11,352.71,1064.74804192
2020-10-06 19:00:00,354.26,354.58,337.47,339.67,8320.46204855
2020-10-07 19:00:00,340.08,342.99,333.14,339.89,1252.49668858
2020-10-08 19:00:00,340.38,352.51,334.65,351.0,2082.02861952
2020-10-09 19:00:00,351.06,365.0,348.11,364.99,2043.46071908
2020-10-10 19:00:00,365.0,377.24,364.53,374.91,1529.76504278
2020-10-11 19:00:00,374.53,377.0,369.57,372.12,597.07111586
2020-10-12 19:00:00,374.49,394.53,365.81,391.57,1395.74180731
2020-10-13 19:00:00,390.98,390.98,374.51,380.83,2276.78917256
2020-10-14 19:00:00,381.54,388.0,373.27,376.88,1102.30941748
2020-10-15 19:00:00,377.96,380.72,370.44,377.66,2350.55260116
2020-10-16 19:00:00,377.0,392.27,358.89,366.88,2842.79907968
2020-10-17 19:00:00,365.9,369.26,364.71,367.52,647.65248591
2020-10-18 19:00:00,367.92,386.21,367.92,375.91,757.29497387
2020-10-19 19:00:00,378.12,384.51,373.44,378.63,748.65165345
2020-10-20 19:00:00,379.29,380.02,365.01,368.76,989.19450994
2020-10-21 19:00:00,369.02,410.63,369.02,400.53,4544.39266784
2020-10-22 19:00:00,398.71,420.29,388.54,415.47,3487.78925753
2020-10-23 19:00:00,415.25,418.79,399.03,408.82,1866.25237075
2020-10-24 19:00:00,408.82,415.77,400.0,410.74,862.18245007
2020-10-25 19:00:00,412.3,417.0,403.78,405.65,480.73765217
2020-10-26 19:00:00,405.91,410.6,383.0,391.67,1774.91090675
2020-10-27 19:00:00,391.67,409.66,390.69,404.86,970.71939301
2020-10-28 19:00:00,405.56,408.29,381.0,387.72,3186.90706363
2020-10-29 19:00:00,387.92,393.1,380.91,384.45,1553.58226954
2020-10-30 19:00:00,384.52,391.53,373.77,383.96,492.97319237
2020-10-31 19:00:00,383.37,393.73,380.91,387.99,699.64112101
2020-11-01 19:00:00,385.82,397.0,385.26,396.76,609.41563103
2020-11-02 19:00:00,396.87,403.01,379.15,383.21,1795.13313238
2020-11-03 19:00:00,383.06,388.86,370.42,387.74,887.1440274400001
2020-11-04 19:00:00,387.97,409.0,377.21,401.69,1939.84186568
2020-11-05 19:00:00,402.84,437.25,396.95,416.5,4608.70420717
2020-11-06 19:00:00,416.94,457.9,415.53,455.82,5738.69031497
2020-11-07 19:00:00,455.88,468.18,421.68,435.96,2799.54607526
2020-11-08 19:00:00,434.29,459.54,433.63,454.29,2015.45357376
2020-11-09 19:00:00,455.27,458.58,433.81,444.05,2040.94893087
2020-11-10 19:00:00,444.72,454.47,439.42,449.78,1451.41102368
2020-11-11 19:00:00,451.29,476.0,450.97,464.35,1910.96849936
2020-11-12 19:00:00,462.09,469.67,452.05,462.5,2649.61796589
2020-11-13 19:00:00,462.69,477.27,457.31,476.45,1046.21878422
2020-11-14 19:00:00,476.7,476.75,453.0,460.47,1701.14002896
2020-11-15 19:00:00,460.2,462.6,440.05,448.46,1710.391665
2020-11-16 19:00:00,446.97,466.1,446.94,461.88,1528.76412298
2020-11-17 19:00:00,460.03,538.2,460.03,482.34,3355.82235011
2020-11-18 19:00:00,482.72,493.83,456.85,479.47,3233.81260218
2020-11-19 19:00:00,479.1,479.9,465.5,468.68,877.73743424
2020-11-20 19:00:00,472.45,514.01,471.03,508.91,3146.37924997
2020-11-21 19:00:00,510.0,550.95,495.0,550.22,4252.74799142
2020-11-22 19:00:00,552.73,581.95,511.71,560.36,3962.01578193
2020-11-23 19:00:00,560.61,610.0,551.44,608.62,4063.63017251
2020-11-24 19:00:00,608.96,624.75,589.27,604.93,4759.07366635
2020-11-25 19:00:00,605.15,605.64,439.72,569.84,5004.81373508
2020-11-26 19:00:00,569.43,576.64,465.96,519.73,9388.84229108
2020-11-27 19:00:00,519.73,529.98,494.71,517.83,2101.28822864
2020-11-28 19:00:00,518.96,547.88,507.43,536.66,2419.02270997
2020-11-29 19:00:00,538.81,576.17,530.83,576.17,2147.30599198
2020-11-30 19:00:00,576.64,615.98,571.26,615.98,4217.80552024
2020-12-01 19:00:00,615.99,635.65,566.7,585.91,8030.29338472
2020-12-02 19:00:00,585.35,604.09,575.91,597.52,2523.42484607
2020-12-03 19:00:00,597.52,622.82,586.78,617.08,1996.60512429
2020-12-04 19:00:00,616.21,618.98,565.0,567.89,2816.21368048
2020-12-05 19:00:00,567.73,596.85,561.99,596.85,1334.81488852
2020-12-06 19:00:00,596.85,606.63,576.66,602.71,2255.71995776
2020-12-07 19:00:00,602.15,602.76,584.58,591.65,765.18217872
2020-12-08 19:00:00,590.41,594.59,550.0,553.64,3910.6654075
2020-12-09 19:00:00,554.35,577.19,530.44,574.31,2253.95166445
2020-12-10 19:00:00,573.77,574.28,548.96,558.34,1714.61367388
2020-12-11 19:00:00,559.36,559.36,535.81,544.71,2833.60247519
2020-12-12 19:00:00,543.42,573.92,543.41,567.03,2909.31986177
2020-12-13 19:00:00,569.21,594.46,564.0,589.85,3307.23358339
2020-12-14 19:00:00,589.28,591.41,574.99,586.9,1396.0210617
2020-12-15 19:00:00,587.2,596.27,578.0,589.13,1341.65050437
2020-12-16 19:00:00,589.1,715.0,580.97,637.0,6079.99748481
2020-12-17 19:00:00,637.99,676.0,628.0,644.2,11869.88484436
2020-12-18 19:00:00,643.11,663.43,630.1,654.48,2079.59195217
2020-12-19 19:00:00,654.8,667.99,645.45,659.31,1609.79814636
2020-12-20 19:00:00,657.61,660.5,620.0,637.89,2530.40927518
2020-12-21 19:00:00,637.6,647.47,597.64,608.31,3393.88142711
2020-12-22 19:00:00,607.45,638.03,582.0,636.96,2723.70498712
2020-12-23 19:00:00,637.13,637.85,550.0,585.23,2846.71327978
2020-12-24 19:00:00,585.51,614.81,566.03,612.57,2437.96928058
2020-12-25 19:00:00,613.32,634.14,605.53,626.28,2166.7170476
2020-12-26 19:00:00,627.77,652.84,616.38,635.77,2471.28244608
2020-12-27 19:00:00,637.25,715.0,616.76,684.37,12396.67101751
2020-12-28 19:00:00,685.12,747.98,682.25,730.55,8027.04241005
2020-12-29 19:00:00,731.75,739.0,690.22,732.41,4722.0216864
2020-12-30 19:00:00,734.49,759.0,718.64,752.78,4178.88629754
2020-12-31 19:00:00,752.29,755.5,722.41,737.47,2975.1219244
2021-01-01 19:00:00,735.91,748.89,715.85,728.52,2194.0660746
2021-01-02 19:00:00,730.25,786.8,715.01,775.43,6007.67595019
2021-01-03 19:00:00,774.95,1008.82,770.08,976.55,13485.02847895
2021-01-04 19:00:00,978.26,1160.0,876.31,1039.66,21151.64009084
2021-01-05 19:00:00,1043.33,1131.93,976.22,1099.7,9676.49318059
2021-01-06 19:00:00,1101.05,1293.55,1058.5,1207.22,7666.70467968
2021-01-07 19:00:00,1212.36,1287.49,1158.0,1223.99,10396.08654538
2021-01-08 19:00:00,1225.0,1271.28,995.0,1219.93,10361.65612086
2021-01-09 19:00:00,1217.89,1301.2,1173.38,1276.71,5499.03279992
2021-01-10 19:00:00,1278.37,1347.98,1161.92,1256.06,10142.6057161
2021-01-11 19:00:00,1256.86,1258.64,914.68,1083.54,18587.69114112
2021-01-12 19:00:00,1084.75,1150.28,1005.26,1050.71,9905.94322955
2021-01-13 19:00:00,1044.74,1135.02,990.0,1130.13,5006.84087339
2021-01-14 19:00:00,1132.79,1245.95,1086.78,1231.76,6024.80072875
2021-01-15 19:00:00,1234.74,1253.65,1071.3,1168.63,5152.3139378
2021-01-16 19:00:00,1173.04,1292.91,1154.45,1229.09,7531.3666072
2021-01-17 19:00:00,1229.08,1267.96,1167.25,1233.94,3999.42853423
2021-01-18 19:00:00,1233.96,1260.0,1183.82,1258.1,2438.2288643
2021-01-19 19:00:00,1259.19,1438.08,1253.15,1365.12,12216.48887877
2021-01-20 19:00:00,1366.59,1406.58,1234.77,1378.12,13083.79188452
2021-01-21 19:00:00,1384.72,1387.14,1085.01,1111.9,7125.70867676
2021-01-22 19:00:00,1115.14,1273.36,1023.31,1236.9,7250.13408263
2021-01-23 19:00:00,1233.63,1270.74,1196.58,1231.81,2424.49139011
2021-01-24 19:00:00,1232.84,1397.9,1223.0,1389.68,6500.8790457000005
2021-01-25 19:00:00,1390.73,1474.22,1295.0,1319.4,14628.77329234
2021-01-26 19:00:00,1316.71,1380.0,1247.0,1365.5,5748.22718381
2021-01-27 19:00:00,1365.91,1371.97,1207.47,1240.8,7727.25384474
2021-01-28 19:00:00,1238.65,1358.37,1219.24,1330.0,6635.15430285
2021-01-29 19:00:00,1327.67,1438.43,1288.95,1377.92,5889.43675564
2021-01-30 19:00:00,1383.57,1400.0,1328.26,1374.0,1643.00423525
2021-01-31 19:00:00,1377.48,1379.07,1283.76,1315.94,2291.86383953
2021-02-01 19:00:00,1312.12,1376.04,1270.4,1368.29,3122.06822574
2021-02-02 19:00:00,1375.08,1559.67,1363.52,1512.17,17891.20329213
2021-02-03 19:00:00,1513.4,1669.78,1505.0,1663.73,8555.81103833
2021-02-04 19:00:00,1668.66,1695.39,1558.0,1597.05,4933.0758771
2021-02-05 19:00:00,1597.13,1769.0,1590.7,1720.58,5265.41070585
2021-02-06 19:00:00,1720.61,1742.87,1645.4,1677.82,3249.3563294
2021-02-07 19:00:00,1678.77,1692.09,1490.11,1614.53,3964.03737922
2021-02-08 19:00:00,1611.89,1774.0,1565.58,1750.01,6004.26319016
2021-02-09 19:00:00,1751.53,1819.08,1711.04,1770.13,3385.86779445
2021-02-10 19:00:00,1770.13,1835.39,1681.0,1741.59,3874.17593857
2021-02-11 19:00:00,1740.13,1817.14,1704.45,1786.45,2937.8452107
2021-02-12 19:00:00,1785.69,1861.81,1735.0,1840.94,3121.72957996
2021-02-13 19:00:00,1844.49,1868.16,1765.54,1815.22,1943.28282457
2021-02-14 19:00:00,1815.6,1849.95,1785.17,1801.44,1666.84392041
2021-02-15 19:00:00,1805.75,1834.57,1652.0,1777.87,8749.1689166
2021-02-16 19:00:00,1778.4,1825.24,1725.43,1781.12,2832.31201017
2021-02-17 19:00:00,1781.12,1853.39,1735.37,1847.27,5595.09626539
2021-02-18 19:00:00,1850.16,1950.0,1850.16,1938.36,4176.94374321
2021-02-19 19:00:00,1941.38,1971.01,1893.28,1955.14,2762.50059883
2021-02-20 19:00:00,1959.92,2040.37,1820.0,1915.24,11154.48443428
2021-02-21 19:00:00,1913.14,1974.67,1880.0,1933.39,5871.0213965
2021-02-22 19:00:00,1935.27,1935.27,1120.0,1780.25,20356.81002375
2021-02-23 19:00:00,1777.37,1780.87,1351.0,1577.99,17248.32227345
2021-02-24 19:00:00,1561.68,1720.0,1504.62,1623.2,7642.17538391
2021-02-25 19:00:00,1624.32,1671.74,1460.0,1477.72,3438.12021773
2021-02-26 19:00:00,1482.4,1561.81,1401.0,1442.67,10077.90017423
2021-02-27 19:00:00,1444.41,1526.21,1426.5,1457.89,3428.07143409
2021-02-28 19:00:00,1458.21,1467.82,1295.89,1418.28,4586.72369347
2021-03-01 19:00:00,1424.26,1571.59,1410.66,1571.59,4314.7093267
2021-03-02 19:00:00,1569.66,1602.5,1457.4,1489.57,3056.92399918
2021-03-03 19:00:00,1486.81,1654.37,1475.99,1569.73,4024.73863552
2021-03-04 19:00:00,1568.66,1622.91,1505.92,1537.85,2471.89802337
2021-03-05 19:00:00,1539.87,1547.65,1443.71,1529.16,3649.2300332
2021-03-06 19:00:00,1533.7,1670.0,1516.48,1651.95,3157.14471538
2021-03-07 19:00:00,1653.35,1732.65,1632.33,1726.27,1811.95462248
2021-03-08 19:00:00,1732.46,1838.74,1667.11,1830.66,2819.28882858
2021-03-09 19:00:00,1835.19,1868.6,1798.47,1868.6,2603.1189647
2021-03-10 19:00:00,1870.0,1876.7,1750.01,1795.53,2829.89080688
2021-03-11 19:00:00,1795.41,1845.0,1678.9,1822.0,2641.87039046
2021-03-12 19:00:00,1827.23,1841.25,1714.19,1767.73,3326.85981343
2021-03-13 19:00:00,1767.14,1958.84,1730.88,1925.2,3079.82800027
2021-03-14 20:00:00,1922.14,1931.0,1839.42,1850.39,1783.88274613
2021-03-15 20:00:00,1849.58,1890.19,1734.45,1786.85,2930.40268505
2021-03-16 20:00:00,1795.76,1818.87,1712.12,1806.36,1631.71084371
2021-03-17 20:00:00,1806.36,1838.05,1743.8,1822.64,1853.92189076
2021-03-18 20:00:00,1824.85,1848.04,1761.41,1777.45,1769.81926253
2021-03-19 20:00:00,1776.98,1838.78,1735.01,1810.89,1832.93354829
2021-03-20 20:00:00,1809.47,1869.04,1802.48,1804.86,655.13293781
2021-03-21 20:00:00,1803.71,1815.3,1748.4,1784.1,1129.4273532
2021-03-22 20:00:00,1783.87,1806.36,1657.66,1681.28,2410.99841064
2021-03-23 20:00:00,1686.3,1721.6,1650.5,1670.38,1958.30437381
2021-03-24 20:00:00,1667.66,1737.15,1545.82,1582.63,2914.03221619
2021-03-25 20:00:00,1579.39,1620.73,1550.61,1588.28,1973.03773065
2021-03-26 20:00:00,1589.57,1698.28,1589.57,1698.19,1116.94359595
2021-03-27 20:00:00,1699.0,1730.39,1667.69,1711.63,955.84300083
2021-03-28 20:00:00,1715.15,1724.61,1662.46,1686.49,925.58546791
2021-03-29 20:00:00,1684.81,1840.0,1677.58,1820.92,1782.25112056
2021-03-30 20:00:00,1822.13,1858.74,1788.99,1838.96,1449.64786362
2021-03-31 20:00:00,1841.07,1945.44,1771.48,1915.07,2616.8643143
2021-04-01 20:00:00,1920.5,1983.99,1888.26,1970.33,2096.84476988
2021-04-02 20:00:00,1964.48,2145.37,1920.0,2136.66,3443.26414242
2021-04-03 20:00:00,2135.12,2138.28,2002.1,2010.65,1873.02869996
2021-04-04 20:00:00,2009.29,2089.53,1980.05,2076.65,4188.84589756
2021-04-05 20:00:00,2077.75,2129.01,2004.1,2106.48,3793.02722527
2021-04-06 20:00:00,2109.49,2149.81,2025.67,2113.08,1936.55036445
2021-04-07 20:00:00,2112.97,2128.23,1933.45,1961.17,3143.91138224
2021-04-08 20:00:00,1962.55,2083.07,1951.0,2079.85,1010.52703464
2021-04-09 20:00:00,2081.67,2099.45,2051.39,2069.82,1147.51037921
2021-04-10 20:00:00,2068.31,2195.0,2061.43,2132.9,3722.98834545
2021-04-11 20:00:00,2138.3,2161.98,2115.57,2150.0,604.68005789
2021-04-12 20:00:00,2153.05,2199.27,2104.59,2139.82,1455.84027702
2021-04-13 20:00:00,2143.45,2315.0,2137.36,2304.99,3176.904717
2021-04-14 20:00:00,2304.12,2444.56,2282.65,2421.78,4793.29810943
2021-04-15 20:00:00,2432.73,2541.66,2403.73,2514.88,2308.22294792
2021-04-16 20:00:00,2519.74,2544.99,2302.79,2425.6,3145.2387061
2021-04-17 20:00:00,2424.32,2492.45,2315.61,2318.65,2024.44640747
2021-04-18 20:00:00,2322.27,2334.56,1952.69,2236.59,10760.87786086
2021-04-19 20:00:00,2237.77,2275.57,2079.05,2166.65,2874.28101417
2021-04-20 20:00:00,2162.99,2345.0,2050.01,2331.27,4708.77610509
2021-04-21 20:00:00,2339.67,2467.07,2236.7,2355.68,3966.10044435
2021-04-22 20:00:00,2357.92,2643.21,2305.0,2401.22,10376.78348881
2021-04-23 20:00:00,2400.0,2439.34,2092.37,2365.39,11179.65562641
2021-04-24 20:00:00,2366.84,2366.92,2158.0,2215.23,4084.52724201
2021-04-25 20:00:00,2221.19,2353.79,2163.42,2318.9,4015.53439965
2021-04-26 20:00:00,2319.93,2539.33,2305.77,2538.16,5935.25470505
2021-04-27 20:00:00,2532.6,2677.24,2482.9,2663.27,4639.8069537
2021-04-28 20:00:00,2666.51,2758.65,2558.23,2747.54,5998.29211886
2021-04-29 20:00:00,2747.54,2795.79,2671.0,2756.8,4462.10856358
2021-04-30 20:00:00,2756.57,2796.0,2724.65,2774.06,2048.79752484
2021-05-01 20:00:00,2774.04,2951.66,2756.35,2943.54,3721.24621227
2021-05-02 20:00:00,2945.75,2984.73,2853.96,2954.39,3452.42138099
2021-05-03 20:00:00,2954.35,3450.0,2954.35,3427.86,9517.59637535
2021-05-04 20:00:00,3434.99,3524.49,3170.0,3238.07,14733.05567179
2021-05-05 20:00:00,3240.81,3544.05,3209.98,3521.22,5209.44611868
2021-05-06 20:00:00,3525.33,3602.92,3379.25,3490.78,3405.06442703
2021-05-07 20:00:00,3493.11,3584.87,3356.21,3478.13,3949.61200213
2021-05-08 20:00:00,3482.72,3956.1,3452.68,3905.0,6818.5052887
2021-05-09 20:00:00,3909.02,3980.0,3730.59,3923.95,5362.62795856
2021-05-10 20:00:00,3929.42,4202.47,3318.99,3946.87,11584.39747174
2021-05-11 20:00:00,3945.72,4175.46,3769.86,4170.86,5612.18872654
2021-05-12 20:00:00,4170.31,4370.0,3750.0,3770.0,10211.60959769
2021-05-13 20:00:00,3770.0,4172.56,3450.0,3715.38,14390.91945878
2021-05-14 20:00:00,3696.03,4179.44,3695.03,4078.62,4033.82272628
2021-05-15 20:00:00,4075.67,4128.0,3630.25,3643.5,4937.19007258
2021-05-16 20:00:00,3667.44,3879.99,3344.12,3587.71,8446.8462771
2021-05-17 20:00:00,3583.46,3585.75,3120.61,3281.42,8167.41270088
2021-05-18 20:00:00,3290.19,3560.0,3239.48,3372.24,4657.44574276
2021-05-19 20:00:00,3377.06,3436.24,1820.0,2434.42,47233.05114158
2021-05-20 20:00:00,2434.42,2989.82,2145.63,2766.08,19430.47653226
2021-05-21 20:00:00,2774.7,2935.55,2100.0,2431.54,16305.04866709
2021-05-22 20:00:00,2429.23,2483.98,2158.0,2288.64,8984.42202558
2021-05-23 20:00:00,2289.67,2378.68,1730.15,2096.82,23838.22493738
2021-05-24 20:00:00,2098.24,2684.45,2081.08,2643.34,13825.16852635
2021-05-25 20:00:00,2641.68,2747.16,2381.1,2704.51,11726.96765773
2021-05-26 20:00:00,2706.91,2907.47,2645.0,2885.31,8965.77231052
2021-05-27 20:00:00,2885.55,2887.2,2632.99,2736.08,4795.75355972
2021-05-28 20:00:00,2729.53,2757.53,2329.81,2414.88,9152.45329636
2021-05-29 20:00:00,2410.17,2571.18,2208.0,2276.25,6458.04232126
2021-05-30 20:00:00,2279.04,2474.04,2185.69,2389.68,5605.77485216
2021-05-31 20:00:00,2384.51,2716.73,2275.0,2706.14,4482.12743998
2021-06-01 20:00:00,2702.51,2738.18,2528.89,2635.64,4393.18985706
2021-06-02 20:00:00,2648.97,2800.0,2554.76,2707.21,8294.9404056
2021-06-03 20:00:00,2705.57,2888.88,2666.41,2855.39,4276.62193809
2021-06-04 20:00:00,2857.96,2857.96,2547.87,2681.44,4817.22455064
2021-06-05 20:00:00,2689.78,2814.06,2548.23,2629.02,6193.28484162
2021-06-06 20:00:00,2626.98,2746.26,2615.48,2711.26,2532.58565413
2021-06-07 20:00:00,2710.13,2845.0,2565.28,2590.96,4888.62782172
2021-06-08 20:00:00,2587.56,2619.27,2306.0,2508.52,11185.75279499
2021-06-09 20:00:00,2507.69,2624.86,2406.98,2602.37,4245.52523113
2021-06-10 20:00:00,2609.32,2619.27,2428.51,2469.76,2211.61740901
2021-06-11 20:00:00,2469.6,2494.44,2322.95,2354.65,1584.05509754
2021-06-12 20:00:00,2352.0,2450.36,2256.23,2366.93,2313.73378291
2021-06-13 20:00:00,2371.93,2550.16,2310.65,2508.53,2117.56866674
2021-06-14 20:00:00,2513.82,2607.52,2464.25,2580.85,2991.99422896
2021-06-15 20:00:00,2584.58,2640.0,2512.0,2545.67,2356.01103926
2021-06-16 20:00:00,2542.19,2552.63,2353.8,2369.82,2430.93275098
2021-06-17 20:00:00,2368.48,2457.92,2308.45,2370.15,2052.99520587
2021-06-18 20:00:00,2368.29,2376.36,2139.86,2231.11,3516.70062793
2021-06-19 20:00:00,2231.37,2275.5,2163.51,2167.78,2981.44687173
2021-06-20 20:00:00,2164.46,2276.0,2043.26,2242.46,2602.78201644
2021-06-21 20:00:00,2245.41,2257.09,1867.2,1889.62,10702.01619039
2021-06-22 20:00:00,1886.59,1994.75,1695.18,1877.42,12561.95491872
2021-06-23 20:00:00,1877.76,2042.79,1850.01,1971.78,4423.11144415
2021-06-24 20:00:00,1968.27,2034.54,1886.3,1987.71,2561.09787723
2021-06-25 20:00:00,1988.47,2018.97,1792.47,1810.94,4879.38683217
2021-06-26 20:00:00,1809.93,1851.37,1716.24,1830.2,4373.0771197
2021-06-27 20:00:00,1831.51,1983.7,1807.83,1980.9,3473.52706017
2021-06-28 20:00:00,1984.88,2150.33,1962.69,2081.71,4872.68290237
2021-06-29 20:00:00,2084.91,2258.0,2078.67,2164.25,4509.15805996
2021-06-30 20:00:00,2162.87,2285.74,2090.0,2274.91,5041.45740813
2021-07-01 20:00:00,2276.0,2276.31,2075.15,2113.3,3020.81448094
2021-07-02 20:00:00,2108.0,2158.24,2020.73,2146.16,2971.46555457
2021-07-03 20:00:00,2157.86,2238.86,2114.92,2225.54,1739.30647432
2021-07-04 20:00:00,2225.96,2387.0,2191.11,2324.04,2686.1323196
2021-07-05 20:00:00,2321.27,2322.88,2160.0,2196.53,4644.76155488
2021-07-06 20:00:00,2198.73,2347.73,2194.38,2323.7,4071.53949347
2021-07-07 20:00:00,2315.15,2406.61,2295.34,2311.37,3283.5698397
2021-07-08 20:00:00,2315.08,2324.02,2078.97,2118.73,3918.17237188
2021-07-09 20:00:00,2117.02,2187.09,2048.79,2145.85,2882.16445838
2021-07-10 20:00:00,2146.13,2191.57,2077.0,2110.68,1291.70869971
2021-07-11 20:00:00,2110.72,2173.41,2082.38,2139.53,932.94918584
2021-07-12 20:00:00,2140.84,2168.17,2010.0,2036.95,1514.32651832
2021-07-13 20:00:00,2031.76,2043.79,1919.9,1940.13,2585.45254692
2021-07-14 20:00:00,1940.48,2018.06,1867.06,1994.3,3396.65891965
2021-07-15 20:00:00,1998.19,2039.99,1882.15,1919.37,2873.30606188
2021-07-16 20:00:00,1918.8,1964.48,1851.0,1879.26,2225.17363961
2021-07-17 20:00:00,1875.58,1918.41,1848.5,1897.98,1486.52904823
2021-07-18 20:00:00,1898.49,1991.0,1879.97,1895.28,1853.13688097
2021-07-19 20:00:00,1891.81,1915.89,1805.72,1818.0,2695.93575418
2021-07-20 20:00:00,1816.26,1838.4,1720.0,1789.03,5965.40100086
2021-07-21 20:00:00,1784.55,2031.99,1754.23,1988.52,3812.74654086
2021-07-22 20:00:00,1994.4,2043.9,1950.0,2019.02,2757.77772812
2021-07-23 20:00:00,2019.02,2130.41,1996.6,2123.2,3021.12016433
2021-07-24 20:00:00,2130.31,2195.38,2106.51,2185.16,1774.52815878
2021-07-25 20:00:00,2186.73,2195.0,2108.16,2190.01,1797.13619542
2021-07-26 20:00:00,2190.84,2429.82,2176.06,2230.44,6396.15798115
2021-07-27 20:00:00,2229.81,2316.72,2154.18,2302.5,2747.55427944
2021-07-28 20:00:00,2300.29,2346.48,2242.74,2299.88,2843.78257793
2021-07-29 20:00:00,2291.52,2399.0,2267.59,2380.7,1351.62844956
2021-07-30 20:00:00,2383.53,2468.93,2315.69,2462.23,3785.86502743
2021-07-31 20:00:00,2462.83,2551.83,2421.73,2527.14,2234.11142027
2021-08-01 20:00:00,2531.67,2696.0,2516.45,2556.59,3133.09239523
2021-08-02 20:00:00,2555.79,2667.28,2511.07,2609.13,2756.81121064
2021-08-03 20:00:00,2607.42,2630.37,2417.44,2500.97,4205.44167634
2021-08-04 20:00:00,2508.67,2766.0,2459.91,2725.75,4482.88288977
2021-08-05 20:00:00,2718.42,2842.36,2523.85,2827.37,6718.17865947
2021-08-06 20:00:00,2830.77,2945.48,2725.0,2891.0,4660.36493335
2021-08-07 20:00:00,2891.85,3171.05,2867.81,3160.51,5129.96325979
2021-08-08 20:00:00,3160.63,3187.99,2950.77,3012.0,3560.49298595
2021-08-09 20:00:00,3012.09,3189.03,2895.3,3164.2,5242.9106888
2021-08-10 20:00:00,3161.03,3233.0,3055.12,3140.8,4248.29081828
2021-08-11 20:00:00,3141.72,3271.33,3124.16,3166.09,3600.36267437
2021-08-12 20:00:00,3161.32,3236.35,2981.77,3040.99,3015.09285022
2021-08-13 20:00:00,3046.93,3325.77,3040.68,3321.94,3348.19810028
2021-08-14 20:00:00,3323.54,3328.82,3205.2,3267.36,1835.94903968
2021-08-15 20:00:00,3266.11,3318.88,3112.58,3307.7,1805.38248557
2021-08-16 20:00:00,3307.69,3335.0,3136.34,3147.89,2606.55905509
2021-08-17 20:00:00,3147.88,3289.99,2995.67,3013.7,3165.51647056
2021-08-18 20:00:00,3012.59,3123.01,2951.79,3013.14,2431.61456094
2021-08-19 20:00:00,3023.22,3186.75,2960.29,3184.42,2818.3056057
2021-08-20 20:00:00,3184.86,3298.99,3179.38,3284.98,3764.2667324
2021-08-21 20:00:00,3284.94,3307.43,3206.11,3226.19,1826.46723786
2021-08-22 20:00:00,3225.2,3270.14,3132.0,3237.43,2261.72654015
2021-08-23 20:00:00,3237.36,3377.26,3231.95,3318.01,3741.70679352
2021-08-24 20:00:00,3321.67,3358.13,3150.0,3169.83,3549.66498355
2021-08-25 20:00:00,3169.65,3248.0,3079.47,3224.94,2382.50847463
2021-08-26 20:00:00,3227.97,3250.99,3050.56,3093.55,3566.53634271
2021-08-27 20:00:00,3090.0,3280.46,3062.15,3268.53,2241.24764084
2021-08-28 20:00:00,3273.48,3283.88,3208.26,3241.52,980.31869645
2021-08-29 20:00:00,3245.59,3282.05,3152.79,3231.24,909.86937601
2021-08-30 20:00:00,3223.39,3345.0,3143.44,3219.95,2557.22716435
2021-08-31 20:00:00,3224.49,3471.14,3194.77,3430.13,4703.88934667
2021-09-01 20:00:00,3430.11,3839.99,3383.53,3827.32,4567.60071018
2021-09-02 20:00:00,3826.64,3835.38,3722.72,3790.48,2558.31997896
2021-09-03 20:00:00,3785.61,4027.17,3711.0,3937.25,2946.80448273
2021-09-04 20:00:00,3939.31,3970.93,3836.76,3884.43,1313.56597269
2021-09-05 20:00:00,3885.89,3978.28,3836.76,3951.41,1096.02256138
2021-09-06 20:00:00,3948.19,3969.22,3867.86,3931.43,1701.76412847
2021-09-07 20:00:00,3927.17,3944.87,2997.35,3429.63,12582.58915111
2021-09-08 20:00:00,3433.3,3557.97,3217.85,3498.42,4840.75017424
2021-09-09 20:00:00,3497.37,3566.54,3392.82,3428.28,4069.48448556
2021-09-10 20:00:00,3422.85,3513.89,3150.35,3209.05,4496.21053707
2021-09-11 20:00:00,3213.13,3345.0,3212.35,3261.77,1341.70747891
2021-09-12 20:00:00,3261.3,3469.7,3234.61,3409.15,1140.22597268
2021-09-13 20:00:00,3405.98,3428.56,3100.0,3289.77,5212.82192354
2021-09-14 20:00:00,3287.37,3432.08,3277.51,3432.08,1833.5266685
2021-09-15 20:00:00,3434.55,3612.89,3362.59,3612.46,2088.92319949
2021-09-16 20:00:00,3614.01,3675.57,3487.17,3569.35,1894.6529756
2021-09-17 20:00:00,3570.69,3590.28,3352.77,3395.68,1701.24425351
2021-09-18 20:00:00,3383.97,3535.92,3373.54,3431.23,1471.20725776
2021-09-19 20:00:00,3430.26,3450.64,3283.89,3329.24,1536.52990336
2021-09-20 20:00:00,3338.02,3343.05,2921.16,2970.55,8029.24507951
2021-09-21 20:00:00,2977.25,3103.39,2653.22,2764.05,16151.00048271
2021-09-22 20:00:00,2767.05,3088.31,2740.85,3075.85,3285.31899601
2021-09-23 20:00:00,3070.33,3173.99,3037.15,3155.01,1589.67980571
2021-09-24 20:00:00,3151.13,3157.27,2738.11,2924.22,14582.14816989
2021-09-25 20:00:00,2929.17,2963.5,2801.74,2927.78,1501.12476452
2021-09-26 20:00:00,2924.42,3113.41,2739.38,3061.22,4594.70671967
2021-09-27 20:00:00,3058.2,3162.92,2924.81,2924.81,1594.99588289
2021-09-28 20:00:00,2923.35,2968.28,2790.0,2804.9,2411.41269182
2021-09-29 20:00:00,2805.61,2948.0,2785.37,2852.9,1948.34242053
2021-09-30 20:00:00,2850.2,3047.89,2847.81,3006.13,2097.41810733
2021-10-01 20:00:00,2999.95,3329.12,2971.65,3305.76,3870.91879279
2021-10-02 20:00:00,3308.5,3465.81,3258.9,3387.65,2586.9384192
2021-10-03 20:00:00,3387.25,3485.6,3343.91,3416.39,1725.70578797
2021-10-04 20:00:00,3417.32,3437.01,3274.62,3383.76,1739.58166857
2021-10-05 20:00:00,3387.14,3541.12,3367.69,3516.72,1601.48631898
2021-10-06 20:00:00,3515.01,3628.2,3345.47,3577.97,3776.91733182
2021-10-07 20:00:00,3575.38,3651.01,3474.68,3584.9,8573.69885551
2021-10-08 20:00:00,3584.9,3671.91,3533.86,3563.39,2244.20184717
2021-10-09 20:00:00,3563.11,3632.02,3542.6,3574.24,762.70725769
2021-10-10 20:00:00,3572.9,3603.87,3410.0,3422.7,2132.35446751
2021-10-11 20:00:00,3415.0,3620.0,3374.84,3543.38,2006.30235851
2021-10-12 20:00:00,3539.43,3545.01,3405.13,3487.89,1844.0186965
2021-10-13 20:00:00,3494.52,3610.0,3413.97,3605.37,1267.11802546
2021-10-14 20:00:00,3606.43,3820.49,3590.09,3787.66,2966.73795017
2021-10-15 20:00:00,3795.05,3902.88,3735.55,3865.26,3114.17057396
2021-10-16 20:00:00,3869.61,3967.0,3807.6,3828.68,1862.31840158
2021-10-17 20:00:00,3827.09,3912.98,3647.06,3845.27,2228.35510515
2021-10-18 20:00:00,3855.28,3888.59,3680.0,3745.97,1716.40480698
2021-10-19 20:00:00,3747.24,3885.0,3732.61,3876.05,1787.11317972
2021-10-20 20:00:00,3879.5,4166.57,3829.15,4159.79,5069.21407565
2021-10-21 20:00:00,4162.22,4369.66,3989.53,4057.54,4124.52749074
2021-10-22 20:00:00,4054.35,4163.46,3893.81,3969.6,2785.57070568
2021-10-23 20:00:00,3972.69,4168.0,3936.88,4167.42,1281.95779493
2021-10-24 20:00:00,4168.46,4185.31,3966.85,4083.04,1617.80881129
2021-10-25 20:00:00,4083.52,4234.78,4070.67,4220.0,1317.37276311
2021-10-26 20:00:00,4220.66,4292.0,4096.55,4128.96,1653.26469255
2021-10-27 20:00:00,4131.36,4340.87,3908.08,3926.54,20455.75029828
2021-10-28 20:00:00,3923.36,4292.33,3892.37,4281.53,3881.32957151
2021-10-29 20:00:00,4286.34,4456.1,4271.37,4413.39,2896.19797184
2021-10-30 20:00:00,4423.31,4431.64,4239.6,4317.5,916.99461082
2021-10-31 20:00:00,4324.6,4393.58,4169.14,4287.03,1016.7725705
2021-11-01 20:00:00,4289.78,4378.32,4153.03,4325.61,1312.92999071
2021-11-02 20:00:00,4319.52,4596.5,4287.6,4583.03,3408.87980014
2021-11-03 20:00:00,4588.5,4662.48,4455.34,4603.76,2055.47372013
2021-11-04 20:00:00,4599.71,4603.68,4420.82,4533.41,1948.88366995
2021-11-05 20:00:00,4534.61,4568.06,4443.58,4476.18,943.78227327
2021-11-06 20:00:00,4470.71,4527.78,4330.3,4518.62,8063.45533988
2021-11-07 19:00:00,4518.55,4631.56,4504.33,4616.27,982.60241162
2021-11-08 19:00:00,4615.98,4821.23,4615.98,4817.71,2304.27607216
2021-11-09 19:00:00,4803.18,4836.41,4715.05,4734.75,7889.22764846
2021-11-10 19:00:00,4733.27,4864.91,4466.88,4634.85,4687.84208611
2021-11-11 19:00:00,4626.72,4776.0,4581.89,4721.73,1640.74383081
2021-11-12 19:00:00,4719.72,4806.05,4513.23,4676.21,1933.37900657
2021-11-13 19:00:00,4670.49,4702.86,4588.0,4654.34,581.47444555
2021-11-14 19:00:00,4645.38,4690.65,4517.3,4626.99,1361.9264385
2021-11-15 19:00:00,4627.29,4768.88,4542.57,4555.54,2493.53019761
2021-11-16 19:00:00,4562.89,4562.89,4104.0,4210.54,7192.54457053
2021-11-17 19:00:00,4210.09,4297.34,4068.01,4290.49,3559.74219563
2021-11-18 19:00:00,4287.0,4339.8,3950.0,4004.88,3432.81167542
2021-11-19 19:00:00,4006.57,4307.67,3980.05,4276.48,2264.54932907
2021-11-20 19:00:00,4294.38,4433.84,4204.99,4411.52,1657.94154036
2021-11-21 19:00:00,4413.42,4421.52,4244.25,4260.08,916.01472716
2021-11-22 19:00:00,4262.73,4314.17,4024.49,4083.94,2390.04067559
2021-11-23 19:00:00,4086.36,4384.69,4063.99,4339.89,2367.73883362
2021-11-24 19:00:00,4352.35,4369.75,4169.52,4275.8,1572.70998993
2021-11-25 19:00:00,4269.82,4547.8,4253.77,4516.79,3196.86730924
2021-11-26 19:00:00,4524.89,4547.94,3916.21,4034.61,7086.0811034
2021-11-27 19:00:00,4042.22,4180.9,4030.01,4086.69,1089.34150995
2021-11-28 19:00:00,4092.1,4295.0,3969.14,4290.46,2254.70688568
2021-11-29 19:00:00,4294.99,4457.09,4280.7,4443.06,2031.16961014
2021-11-30 19:00:00,4444.16,4749.0,4351.0,4625.05,8087.33142983
2021-12-01 19:00:00,4625.05,4775.0,4522.78,4579.93,5543.30221436
2021-12-02 19:00:00,4577.19,4629.42,4436.67,4511.63,1659.00505894
2021-12-03 19:00:00,4511.63,4651.09,4033.76,4215.0,5094.39488297
2021-12-04 19:00:00,4213.79,4236.71,3379.99,4122.95,11223.31299028
2021-12-05 19:00:00,4117.21,4245.09,4032.84,4196.68,5643.01578129
2021-12-06 19:00:00,4198.38,4372.0,3919.89,4354.41,5106.31892271
2021-12-07 19:00:00,4351.84,4421.75,4251.94,4304.73,2408.00018548
2021-12-08 19:00:00,4310.11,4451.5,4227.29,4437.0,3059.54073979
2021-12-09 19:00:00,4437.0,4484.21,4075.73,4107.76,4837.41063201
2021-12-10 19:00:00,4107.31,4236.34,3890.0,3915.02,4808.2109955
2021-12-11 19:00:00,3895.02,4093.64,3836.08,4088.41,1493.08675306
2021-12-12 19:00:00,4087.93,4172.17,3991.89,4132.74,1126.81801374
2021-12-13 19:00:00,4130.31,4141.96,3673.41,3788.55,3482.2753049
2021-12-14 19:00:00,3777.2,3877.67,3671.19,3857.8,2579.62494934
2021-12-15 19:00:00,3857.13,4093.76,3620.0,4017.67,3204.06642902
2021-12-16 19:00:00,4020.5,4111.73,3953.98,3957.23,1595.76694788
2021-12-17 19:00:00,3959.99,3990.0,3701.0,3879.07,1979.81657512
2021-12-18 19:00:00,3885.32,3995.06,3766.72,3960.81,752.75121716
2021-12-19 19:00:00,3955.27,4026.6,3889.45,3922.55,1340.0094069
2021-12-20 19:00:00,3926.17,3982.56,3757.57,3932.66,2302.73302499
2021-12-21 19:00:00,3952.03,4058.66,3916.25,4016.3,1830.58394868
2021-12-22 19:00:00,4016.18,4072.01,3936.75,3979.81,1685.79487329
2021-12-23 19:00:00,3979.95,4151.34,3893.7,4107.51,2134.91130292
2021-12-24 19:00:00,4112.39,4132.48,4017.62,4041.67,936.66764276
2021-12-25 19:00:00,4044.64,4134.8,4024.33,4096.53,390.09835279
2021-12-26 19:00:00,4091.38,4101.65,4009.0,4063.35,411.19751365
2021-12-27 19:00:00,4067.5,4126.81,4035.0,4043.53,793.06217785
2021-12-28 19:00:00,4037.27,4037.27,3760.0,3793.3,1750.26130928
2021-12-29 19:00:00,3797.42,3825.32,3608.08,3629.0,1506.17290846
2021-12-30 19:00:00,3632.9,3768.35,3586.0,3708.69,1143.35419032
2021-12-31 19:00:00,3707.55,3811.88,3624.28,3676.32,1364.17485148
2022-01-01 19:00:00,3680.37,3774.67,3678.21,3766.26,905.57484249
2022-01-02 19:00:00,3759.16,3852.27,3720.26,3830.85,1317.60170081
2022-01-03 19:00:00,3828.45,3847.18,3684.19,3765.33,1442.5071491
2022-01-04 19:00:00,3768.25,3893.02,3716.59,3789.6,1227.04724893
2022-01-05 19:00:00,3785.65,3844.64,3414.87,3540.0,2653.41444212
2022-01-06 19:00:00,3538.41,3547.37,3302.21,3411.02,3122.55558625
2022-01-07 19:00:00,3408.76,3411.0,3068.11,3193.3,4572.47487776
2022-01-08 19:00:00,3199.75,3245.32,3001.0,3080.82,2840.91250278
2022-01-09 19:00:00,3076.53,3211.22,3058.56,3149.18,1462.23567438
2022-01-10 19:00:00,3145.52,3179.16,2928.01,3083.6,3346.14118571
2022-01-11 19:00:00,3084.73,3265.11,3053.78,3235.49,2041.45756959
2022-01-12 19:00:00,3240.34,3409.56,3207.94,3370.24,2485.15012191
2022-01-13 19:00:00,3376.38,3408.93,3235.57,3239.19,1593.19542015
2022-01-14 19:00:00,3236.07,3339.49,3192.15,3307.87,1447.0771152
2022-01-15 19:00:00,3307.65,3370.06,3264.95,3327.24,385.79293884
2022-01-16 19:00:00,3325.22,3389.72,3276.78,3346.65,676.99627287
2022-01-17 19:00:00,3349.6,3355.74,3143.75,3206.28,1228.07085163
2022-01-18 19:00:00,3212.69,3240.67,3086.36,3159.55,1137.99500208
2022-01-19 19:00:00,3159.2,3173.17,3050.0,3084.43,2715.23030453
2022-01-20 19:00:00,3089.62,3270.0,2982.97,3004.5,1254.80567686
2022-01-21 19:00:00,2995.49,3031.39,2467.66,2571.56,7755.07148537
2022-01-22 19:00:00,2571.56,2621.14,2302.18,2411.97,6566.82205885
2022-01-23 19:00:00,2410.9,2547.36,2372.57,2535.44,2349.48327398
2022-01-24 19:00:00,2540.18,2540.3,2100.0,2439.07,8392.28541287
2022-01-25 19:00:00,2432.23,2508.04,2352.53,2453.24,1654.56682
2022-01-26 19:00:00,2460.0,2723.92,2402.86,2461.5,6083.93635392
2022-01-27 19:00:00,2459.92,2518.67,2316.58,2422.14,2715.04275205
2022-01-28 19:00:00,2424.54,2557.34,2360.53,2546.16,1972.85320349
2022-01-29 19:00:00,2543.19,2632.0,2523.0,2601.63,1534.8778628
2022-01-30 19:00:00,2597.49,2638.19,2541.57,2602.49,1366.74309938
2022-01-31 19:00:00,2602.83,2705.0,2477.07,2687.3,1958.96004461
2022-02-01 19:00:00,2678.23,2812.52,2675.32,2792.12,2008.05444196
2022-02-02 19:00:00,2795.58,2810.0,2615.96,2679.31,2316.41576603
2022-02-03 19:00:00,2686.42,2723.04,2575.72,2686.51,1055.9739268
2022-02-04 19:00:00,2696.91,2993.15,2673.53,2993.15,2897.01527644
2022-02-05 19:00:00,2993.57,3059.99,2962.34,3018.13,1949.21379684
2022-02-06 19:00:00,3018.64,3071.53,2952.47,3055.87,960.26678439
2022-02-07 19:00:00,3059.68,3184.99,2920.58,3138.14,3122.29090365
2022-02-08 19:00:00,3144.31,3228.58,3028.51,3115.51,1851.48035647
2022-02-09 19:00:00,3117.83,3267.99,3056.65,3241.6,2049.42644177
2022-02-10 19:00:00,3241.6,3280.05,3057.04,3071.53,3125.97946438
2022-02-11 19:00:00,3069.49,3136.39,2877.28,2927.15,3123.0489755
2022-02-12 19:00:00,2926.64,2983.52,2860.3,2916.98,2682.22452322
2022-02-13 19:00:00,2909.61,2950.0,2837.35,2870.33,763.89434378
2022-02-14 19:00:00,2872.46,2965.0,2832.4,2931.57,1296.17470557
2022-02-15 19:00:00,2931.34,3193.22,2915.1,3182.75,1687.23233559
2022-02-16 19:00:00,3184.76,3184.76,3046.86,3120.83,1157.72038997
2022-02-17 19:00:00,3123.01,3157.24,2851.75,2892.7,3786.30135252
2022-02-18 19:00:00,2888.13,2941.32,2753.05,2783.34,3647.38668374
2022-02-19 19:00:00,2777.55,2828.67,2694.67,2766.95,2143.45793671
2022-02-20 19:00:00,2764.04,2764.04,2576.05,2621.84,3451.27770898
2022-02-21 19:00:00,2621.98,2759.18,2561.29,2564.07,5044.76188753
2022-02-22 19:00:00,2567.78,2662.84,2501.79,2635.45,4419.9291143
2022-02-23 19:00:00,2637.66,2750.33,2576.93,2578.85,2108.96626926
2022-02-24 19:00:00,2578.56,2731.39,2301.0,2597.79,12234.15267543
2022-02-25 19:00:00,2600.55,2834.55,2574.68,2752.78,2827.2426578
2022-02-26 19:00:00,2768.36,2873.63,2731.47,2780.87,1512.66813195
2022-02-27 19:00:00,2779.35,2832.8,2559.83,2616.14,3744.54620725
2022-02-28 19:00:00,2616.59,2953.94,2570.92,2921.83,2693.99240696
2022-03-01 19:00:00,2922.25,3047.77,2855.7,2973.85,8902.75830045
2022-03-02 19:00:00,2972.9,3040.77,2915.58,2947.48,2264.95843703
2022-03-03 19:00:00,2946.68,2966.55,2787.54,2833.91,1925.07393321
2022-03-04 19:00:00,2832.65,2834.68,2575.69,2616.56,2008.55091917
2022-03-05 19:00:00,2620.18,2685.61,2593.98,2665.57,801.05635738
2022-03-06 19:00:00,2663.04,2675.39,2538.44,2549.55,1533.5927824
2022-03-07 19:00:00,2547.48,2645.52,2448.32,2496.19,2175.48182838
2022-03-08 19:00:00,2493.48,2623.24,2483.61,2574.29,1287.23711086
2022-03-09 19:00:00,2575.27,2771.55,2573.05,2728.12,2242.23675003
2022-03-10 19:00:00,2729.03,2729.03,2553.04,2609.54,1428.16449945
2022-03-11 19:00:00,2607.73,2673.99,2524.44,2557.4,3084.83581482
2022-03-12 19:00:00,2555.49,2612.88,2555.49,2567.01,451.01850391
2022-03-13 20:00:00,2566.75,2598.74,2490.93,2520.0,1175.81269532
2022-03-14 20:00:00,2514.27,2606.75,2501.39,2590.71,1301.7297061
2022-03-15 20:00:00,2591.73,2666.0,2511.0,2617.97,1203.97052741
2022-03-16 20:00:00,2619.16,2786.79,2606.09,2773.88,3436.48433117
2022-03-17 20:00:00,2773.7,2833.99,2749.56,2815.41,1566.55048957
2022-03-18 20:00:00,2812.64,2983.87,2765.94,2946.84,1922.88902038
2022-03-19 20:00:00,2941.21,2983.14,2894.28,2946.65,2019.43499799
2022-03-20 20:00:00,2950.89,2961.9,2818.58,2858.85,1970.61684892
2022-03-21 20:00:00,2858.92,2958.04,2830.28,2896.33,975.89715702
2022-03-22 20:00:00,2887.84,3049.5,2887.84,2966.47,2161.43552196
2022-03-23 20:00:00,2967.48,3042.92,2922.81,3036.48,720.12340075
2022-03-24 20:00:00,3036.78,3127.77,3000.57,3106.87,1838.81150989
2022-03-25 20:00:00,3105.0,3190.81,3076.57,3107.42,1270.5494269
2022-03-26 20:00:00,3102.58,3150.0,3088.43,3146.05,494.93514658
2022-03-27 20:00:00,3145.68,3296.0,3128.27,3296.0,787.02907076
2022-03-28 20:00:00,3295.99,3429.0,3276.79,3330.35,2073.92230748
2022-03-29 20:00:00,3332.78,3480.01,3332.78,3403.86,3962.65303934
2022-03-30 20:00:00,3401.33,3444.86,3335.16,3380.24,1616.83249389
2022-03-31 20:00:00,3382.85,3442.38,3259.85,3280.26,3042.96919129
2022-04-01 20:00:00,3285.15,3478.46,3213.78,3453.0,1842.17744673
2022-04-02 20:00:00,3454.58,3528.23,3435.41,3446.39,1181.44993999
2022-04-03 20:00:00,3448.91,3578.0,3414.93,3521.19,746.67408194
2022-04-04 20:00:00,3522.64,3544.65,3411.62,3521.62,1950.80895073
2022-04-05 20:00:00,3517.94,3551.23,3392.4,3406.65,1414.08385991
2022-04-06 20:00:00,3405.36,3405.36,3118.78,3167.77,4185.83267614
2022-04-07 20:00:00,3168.46,3268.77,3145.0,3229.51,2997.30900648
2022-04-08 20:00:00,3227.71,3311.62,3175.57,3191.28,2044.33226776
2022-04-09 20:00:00,3192.36,3266.39,3184.03,3263.61,912.02720252
2022-04-10 20:00:00,3260.33,3305.46,3195.22,3199.05,1300.05803987
2022-04-11 20:00:00,3197.2,3210.58,2943.66,2975.47,4036.0454947
2022-04-12 20:00:00,2980.49,3082.21,2950.87,3028.96,1394.21303131
2022-04-13 20:00:00,3031.06,3128.38,3000.0,3118.64,968.10515237
2022-04-14 20:00:00,3120.79,3141.43,2978.93,3019.94,1001.79156569
2022-04-15 20:00:00,3022.28,3058.61,2997.26,3042.57,541.02119213
2022-04-16 20:00:00,3042.57,3083.07,3012.73,3060.01,361.87367872
2022-04-17 20:00:00,3060.01,3079.73,2982.06,2990.07,473.62878528
2022-04-18 20:00:00,2987.26,3067.65,2883.92,3055.92,2371.78132562
2022-04-19 20:00:00,3055.8,3127.27,3032.91,3104.02,1125.35530423
2022-04-20 20:00:00,3101.98,3174.39,3034.84,3076.87,1291.93226594
2022-04-21 20:00:00,3076.42,3176.1,2945.57,2985.09,1775.78642228
2022-04-22 20:00:00,2983.81,3030.94,2932.87,2968.46,1405.81940821
2022-04-23 20:00:00,2962.79,2977.41,2919.45,2931.52,601.06810451
2022-04-24 20:00:00,2931.54,2964.93,2915.0,2920.64,375.19746551
2022-04-25 20:00:00,2920.8,3024.13,2800.0,3010.06,2627.52428201
2022-04-26 20:00:00,3007.77,3034.44,2770.0,2810.39,1868.75841909
2022-04-27 20:00:00,2810.3,2917.5,2795.62,2886.7,1959.34854452
2022-04-28 20:00:00,2886.7,2978.43,2856.3,2937.98,1367.49893781
2022-04-29 20:00:00,2936.62,2944.31,2779.0,2816.7,2690.42600419
2022-04-30 20:00:00,2817.3,2839.79,2719.26,2727.42,1126.73842666
2022-05-01 20:00:00,2726.88,2846.12,2719.11,2829.06,1308.15286122
2022-05-02 20:00:00,2825.64,2881.46,2779.84,2856.25,3862.97834263
2022-05-03 20:00:00,2856.26,2861.0,2757.87,2782.5,971.1900175
2022-05-04 20:00:00,2781.73,2965.59,2775.67,2939.64,1426.11612093
2022-05-05 20:00:00,2943.8,2952.1,2691.31,2748.8,2817.32133322
2022-05-06 20:00:00,2747.7,2755.35,2634.89,2692.07,1841.04605764
2022-05-07 20:00:00,2693.42,2702.57,2590.41,2635.32,1063.16311261
2022-05-08 20:00:00,2637.67,2638.91,2485.31,2524.42,3522.38241966
2022-05-09 20:00:00,2519.65,2526.84,2225.21,2230.11,8026.21767477
2022-05-10 20:00:00,2229.12,2457.29,2200.17,2343.27,3973.95059153
2022-05-11 20:00:00,2342.23,2450.0,2008.0,2075.12,13109.56724955
2022-05-12 20:00:00,2090.16,2193.05,1788.08,1955.21,15870.81326471
2022-05-13 20:00:00,1958.93,2146.63,1943.14,2014.77,2640.58617956
2022-05-14 20:00:00,2009.83,2067.18,1951.93,2056.19,4701.67151805
2022-05-15 20:00:00,2056.2,2164.7,2002.67,2145.56,1391.78501293
2022-05-16 20:00:00,2145.56,2145.56,1978.6,2019.02,1796.8414356
2022-05-17 20:00:00,2022.31,2121.42,2009.0,2091.02,1728.55692266
2022-05-18 20:00:00,2101.61,2108.59,1909.81,1909.81,2713.35798427
2022-05-19 20:00:00,1920.0,2038.1,1903.77,2021.44,3103.66595886
2022-05-20 20:00:00,2019.74,2061.7,1923.56,1961.41,1199.80705018
2022-05-21 20:00:00,1959.19,1988.32,1939.33,1975.77,371.98539407
2022-05-22 20:00:00,1975.39,2054.91,1965.7,2044.03,1088.71996739
2022-05-23 20:00:00,2043.6,2086.87,1955.71,1972.9,1347.36684068
2022-05-24 20:00:00,1975.9,1991.81,1914.37,1978.87,1471.01086702
2022-05-25 20:00:00,1978.71,2020.6,1936.63,1942.53,2133.69698381
2022-05-26 20:00:00,1942.54,1964.41,1732.01,1791.82,7608.52214729
2022-05-27 20:00:00,1791.5,1822.24,1707.5,1724.1,4941.47186267
2022-05-28 20:00:00,1729.17,1808.38,1723.03,1794.95,1202.00876774
2022-05-29 20:00:00,1792.55,1825.6,1764.44,1813.35,3148.3948419
2022-05-30 20:00:00,1813.2,2010.96,1803.95,1997.56,2856.89740777
2022-05-31 20:00:00,1997.34,2014.09,1926.95,1938.75,1715.66388387
2022-06-01 20:00:00,1944.23,1972.92,1764.99,1817.91,1603.02773694
2022-06-02 20:00:00,1817.92,1852.95,1784.08,1833.12,836.44151993
2022-06-03 20:00:00,1833.37,1841.81,1738.01,1774.62,1345.5815424
2022-06-04 20:00:00,1774.74,1814.26,1749.78,1804.22,492.18829024
2022-06-05 20:00:00,1805.16,1828.67,1776.68,1804.35,457.99311938
2022-06-06 20:00:00,1806.3,1918.62,1805.57,1860.14,1271.06192953
2022-06-07 20:00:00,1859.52,1872.89,1727.84,1815.6,2161.23402136
2022-06-08 20:00:00,1813.94,1837.99,1768.18,1792.58,1749.3712899
2022-06-09 20:00:00,1792.17,1831.64,1778.17,1789.21,418.32292386
2022-06-10 20:00:00,1787.68,1800.03,1657.01,1661.66,2806.92874684
2022-06-11 20:00:00,1661.67,1680.35,1501.81,1528.13,3695.42388646
2022-06-12 20:00:00,1530.9,1545.79,1425.0,1434.11,2801.95301136
2022-06-13 20:00:00,1433.38,1453.93,1166.71,1210.85,13035.59646639
2022-06-14 20:00:00,1210.09,1265.96,1077.0,1212.6,9100.62132632
2022-06-15 20:00:00,1209.24,1248.0,1015.9,1237.54,12856.05817398
2022-06-16 20:00:00,1237.46,1258.02,1053.57,1067.32,3646.7736499
2022-06-17 20:00:00,1068.66,1116.93,1052.41,1086.68,1009.3834337
2022-06-18 20:00:00,1086.53,1095.42,882.65,997.0,11849.18335034
2022-06-19 20:00:00,996.48,1157.83,936.57,1128.76,6572.46443125
2022-06-20 20:00:00,1129.34,1169.74,1054.71,1128.81,3266.07603899
2022-06-21 20:00:00,1130.05,1192.89,1111.07,1127.3,2475.22423891
2022-06-22 20:00:00,1123.27,1125.42,1045.0,1050.0,1670.97356997
2022-06-23 20:00:00,1049.49,1153.66,1046.17,1145.39,1531.1973744
2022-06-24 20:00:00,1144.9,1244.64,1132.72,1225.48,3823.81375773
2022-06-25 20:00:00,1224.9,1256.09,1181.22,1247.4,2396.77134811
2022-06-26 20:00:00,1241.62,1279.0,1196.0,1198.39,3093.58959318
2022-06-27 20:00:00,1197.73,1237.94,1174.54,1191.92,2998.67361566
2022-06-28 20:00:00,1192.1,1237.92,1139.09,1142.0,2681.9457263
2022-06-29 20:00:00,1145.16,1155.62,1088.33,1097.26,2936.91893919
2022-06-30 20:00:00,1099.02,1106.33,999.28,1069.52,4886.53205424
2022-07-01 20:00:00,1066.7,1114.16,1034.96,1056.38,3735.0362993
2022-07-02 20:00:00,1055.31,1078.4,1030.0,1067.65,1363.47429236
2022-07-03 20:00:00,1069.04,1087.07,1041.33,1074.29,1288.93012921
2022-07-04 20:00:00,1074.29,1160.81,1046.44,1153.3,2003.98906305
2022-07-05 20:00:00,1150.09,1173.01,1078.7,1133.72,3169.47222264
2022-07-06 20:00:00,1136.51,1195.0,1112.28,1187.65,1723.83641578
2022-07-07 20:00:00,1186.73,1255.02,1164.0,1239.59,2857.994255
2022-07-08 20:00:00,1237.98,1275.0,1193.78,1212.89,2912.21798146
2022-07-09 20:00:00,1214.38,1235.94,1204.94,1216.36,1183.80383693
2022-07-10 20:00:00,1216.73,1218.07,1154.39,1168.5,2698.3993535
2022-07-11 20:00:00,1168.03,1170.89,1092.47,1095.4,2667.28988471
2022-07-12 20:00:00,1095.16,1097.56,1034.31,1038.48,1990.38864026
2022-07-13 20:00:00,1040.13,1119.02,1007.88,1119.02,4756.17098243
2022-07-14 20:00:00,1115.14,1214.69,1072.96,1192.99,3785.20879111
2022-07-15 20:00:00,1191.69,1288.34,1180.84,1236.37,5017.55201803
2022-07-16 20:00:00,1230.89,1421.61,1193.01,1356.74,4173.90641051
2022-07-17 20:00:00,1356.29,1384.61,1318.85,1337.95,2100.75656844
2022-07-18 20:00:00,1338.53,1595.07,1337.74,1582.72,6434.14636109
2022-07-19 20:00:00,1582.37,1632.12,1494.04,1544.8,4315.30694146
2022-07-20 20:00:00,1542.74,1620.0,1484.1,1519.76,3505.7534371
2022-07-21 20:00:00,1520.65,1603.98,1465.0,1577.84,2652.44005617
2022-07-22 20:00:00,1574.57,1644.69,1518.0,1535.7,2370.26627436
2022-07-23 20:00:00,1534.85,1595.06,1489.24,1551.16,2171.96010593
2022-07-24 20:00:00,1549.65,1663.0,1547.99,1597.33,1869.24629322
2022-07-25 20:00:00,1597.43,1609.12,1434.93,1438.61,2420.03417965
2022-07-26 20:00:00,1439.98,1453.11,1358.0,1451.18,1841.72477799
2022-07-27 20:00:00,1450.13,1642.85,1423.0,1637.71,3046.10039178
2022-07-28 20:00:00,1637.71,1784.81,1596.25,1725.22,3167.90932363
2022-07-29 20:00:00,1723.63,1764.61,1657.69,1722.61,3205.26888975
2022-07-30 20:00:00,1721.48,1742.78,1672.21,1695.65,1716.17063356
2022-07-31 20:00:00,1695.76,1756.98,1666.53,1680.69,1407.95662877
2022-08-01 20:00:00,1677.96,1702.62,1608.8,1635.35,2027.23914143
2022-08-02 20:00:00,1630.17,1677.55,1556.83,1631.12,1558.06925487
2022-08-03 20:00:00,1628.84,1682.66,1590.23,1619.46,1102.98838572
2022-08-04 20:00:00,1615.55,1662.82,1580.82,1612.99,2203.40547265
2022-08-05 20:00:00,1608.18,1739.81,1607.64,1735.37,3866.7110288
2022-08-06 20:00:00,1735.9,1748.18,1687.6,1688.78,835.6484678
2022-08-07 20:00:00,1690.91,1728.63,1670.0,1700.1,917.32527608
2022-08-08 20:00:00,1700.92,1816.19,1694.62,1777.48,3337.22276808
2022-08-09 20:00:00,1778.19,1788.98,1671.73,1701.64,3256.44295377
2022-08-10 20:00:00,1701.25,1884.44,1655.61,1852.41,4418.66962761
2022-08-11 20:00:00,1852.21,1940.06,1852.21,1882.0,3321.02016615
2022-08-12 20:00:00,1881.94,1963.37,1853.77,1958.41,1277.12924165
2022-08-13 20:00:00,1958.36,2020.39,1948.86,1981.83,1624.36887078
2022-08-14 20:00:00,1981.97,2030.23,1908.16,1936.9,1311.34639482
2022-08-15 20:00:00,1935.35,2010.58,1874.13,1898.41,1830.2061191
2022-08-16 20:00:00,1898.05,1914.03,1852.35,1879.33,1249.37357525
2022-08-17 20:00:00,1877.14,1955.34,1818.7,1835.04,4477.79308462
2022-08-18 20:00:00,1833.22,1880.18,1822.4,1846.35,2039.88570647
2022-08-19 20:00:00,1844.36,1844.36,1605.0,1610.76,6436.26677359
2022-08-20 20:00:00,1608.88,1654.73,1525.03,1576.01,2476.70511779
2022-08-21 20:00:00,1576.36,1645.22,1564.25,1618.35,1535.9107621
2022-08-22 20:00:00,1615.76,1628.27,1530.0,1624.35,1913.83217571
2022-08-23 20:00:00,1626.68,1673.51,1565.33,1663.47,1722.75556385
2022-08-24 20:00:00,1661.67,1692.26,1606.84,1655.74,1563.49312477
2022-08-25 20:00:00,1657.29,1721.96,1657.29,1695.42,1844.25058075
2022-08-26 20:00:00,1691.48,1705.51,1488.76,1510.38,4294.6540633
2022-08-27 20:00:00,1507.29,1517.5,1442.67,1493.29,1517.54320713
2022-08-28 20:00:00,1491.01,1509.46,1424.04,1426.46,1796.31811732
2022-08-29 20:00:00,1426.4,1558.92,1424.54,1552.72,1736.75881611
2022-08-30 20:00:00,1551.45,1604.81,1473.86,1521.64,4545.50660577
2022-08-31 20:00:00,1528.94,1617.67,1528.16,1554.96,2796.70717685
2022-09-01 20:00:00,1553.77,1595.87,1516.12,1588.08,3497.15705333
2022-09-02 20:00:00,1586.18,1648.37,1547.6,1575.34,4278.93200402
2022-09-03 20:00:00,1571.5,1581.3,1535.79,1555.57,1463.75519508
2022-09-04 20:00:00,1555.25,1580.47,1540.94,1578.5,718.30024448
2022-09-05 20:00:00,1579.56,1629.07,1558.24,1616.82,1124.08197573
2022-09-06 20:00:00,1616.21,1685.38,1556.47,1558.79,3241.08008824
2022-09-07 20:00:00,1559.45,1655.8,1491.84,1629.68,3666.07126168
2022-09-08 20:00:00,1632.96,1664.11,1596.09,1636.24,3127.91458354
2022-09-09 20:00:00,1633.48,1744.74,1630.38,1719.08,4771.49294409
2022-09-10 20:00:00,1720.01,1787.59,1708.78,1777.15,1670.44934325
2022-09-11 20:00:00,1775.31,1786.86,1722.78,1765.63,2648.95152654
2022-09-12 20:00:00,1766.01,1782.33,1691.89,1716.97,4161.4808853
2022-09-13 20:00:00,1718.74,1757.86,1562.57,1573.89,6928.50896269
2022-09-14 20:00:00,1573.88,1645.0,1552.03,1631.49,3103.79075497
2022-09-15 20:00:00,1637.8,1655.0,1457.66,1467.67,4935.69425384
2022-09-16 20:00:00,1474.85,1483.57,1406.78,1432.33,3711.74989061
2022-09-17 20:00:00,1433.77,1475.35,1410.5,1469.96,1668.53938903
2022-09-18 20:00:00,1466.39,1466.39,1325.89,1334.98,2150.49033818
2022-09-19 20:00:00,1334.78,1394.0,1279.02,1376.25,2597.86309357
2022-09-20 20:00:00,1375.85,1383.96,1314.38,1324.77,2077.15614681
2022-09-21 20:00:00,1322.0,1402.97,1220.88,1247.35,6029.60914096
2022-09-22 20:00:00,1246.02,1346.92,1238.8,1328.29,1350.38760027
2022-09-23 20:00:00,1331.15,1358.1,1263.8,1328.66,1857.93698501
2022-09-24 20:00:00,1328.33,1348.94,1308.25,1314.57,772.85342301
2022-09-25 20:00:00,1318.52,1335.94,1271.09,1292.05,995.89139383
2022-09-26 20:00:00,1296.72,1339.07,1279.45,1336.47,2834.31775036
2022-09-27 20:00:00,1335.47,1398.87,1305.17,1329.34,2601.69721624
2022-09-28 20:00:00,1328.18,1354.19,1255.0,1337.01,2696.28645998
2022-09-29 20:00:00,1339.0,1350.66,1289.71,1337.25,2004.59979715
2022-09-30 20:00:00,1336.41,1372.19,1316.31,1328.21,3429.74779928
2022-10-01 20:00:00,1328.91,1332.69,1303.96,1311.44,693.54970529
2022-10-02 20:00:00,1311.38,1317.5,1269.89,1274.4,980.56586031
2022-10-03 20:00:00,1272.95,1328.91,1261.25,1326.73,1118.31688497
2022-10-04 20:00:00,1323.8,1369.0,1318.87,1364.79,2273.89461996
2022-10-05 20:00:00,1362.75,1363.47,1315.33,1352.37,1917.78962012
2022-10-06 20:00:00,1353.66,1383.16,1348.04,1351.08,2112.59251739
2022-10-07 20:00:00,1351.42,1360.85,1318.57,1332.3,1326.41053496
2022-10-08 20:00:00,1335.94,1336.04,1304.8,1314.95,1043.67649174
2022-10-09 20:00:00,1313.71,1327.78,1308.77,1318.24,467.01644125
2022-10-10 20:00:00,1322.75,1336.18,1286.29,1290.74,776.07580368
2022-10-11 20:00:00,1289.61,1296.95,1268.24,1276.83,1132.91293212
2022-10-12 20:00:00,1279.28,1305.33,1275.97,1294.64,1563.40679724
2022-10-13 20:00:00,1293.66,1301.02,1184.0,1288.99,4835.22916612
2022-10-14 20:00:00,1287.04,1341.34,1284.6,1298.29,1617.32173507
2022-10-15 20:00:00,1296.41,1301.5,1264.47,1272.88,920.4596159
2022-10-16 20:00:00,1277.39,1314.97,1276.13,1305.93,1060.68416676
2022-10-17 20:00:00,1302.77,1337.55,1296.93,1333.0,2020.99189202
2022-10-18 20:00:00,1331.58,1340.74,1287.88,1309.74,1305.39472362
2022-10-19 20:00:00,1312.31,1313.14,1280.0,1285.95,737.99426031
2022-10-20 20:00:00,1284.76,1310.07,1271.5,1281.7,1794.98715999
2022-10-21 20:00:00,1281.85,1306.31,1253.05,1299.19,2233.73136111
2022-10-22 20:00:00,1300.73,1318.5,1295.31,1313.36,897.78119994
2022-10-23 20:00:00,1314.2,1370.0,1300.15,1364.82,1623.64371824
2022-10-24 20:00:00,1364.32,1369.09,1325.0,1345.28,1074.01707088
2022-10-25 20:00:00,1344.78,1523.87,1335.97,1459.31,2887.20391516
2022-10-26 20:00:00,1460.11,1593.33,1460.11,1563.94,2307.74352859
2022-10-27 20:00:00,1568.58,1576.77,1504.08,1512.5,2263.50687683
2022-10-28 20:00:00,1513.85,1573.43,1476.01,1556.61,3019.22628073
2022-10-29 20:00:00,1554.0,1661.86,1549.61,1619.59,1772.897122
2022-10-30 20:00:00,1620.18,1638.15,1577.07,1592.3,851.04525261
2022-10-31 20:00:00,1594.13,1633.49,1546.95,1574.06,1077.09767765
2022-11-01 20:00:00,1574.36,1612.41,1565.42,1579.04,923.17253577
2022-11-02 20:00:00,1580.83,1619.41,1503.63,1519.89,2517.92624409
2022-11-03 20:00:00,1515.57,1557.89,1515.57,1528.31,2592.86890874
2022-11-04 20:00:00,1531.06,1676.88,1529.72,1643.61,2175.77166395
2022-11-05 20:00:00,1645.68,1664.92,1620.87,1627.2,382.85440345
2022-11-06 19:00:00,1627.19,1637.39,1564.84,1568.37,511.9346002
2022-11-07 19:00:00,1570.63,1607.0,1547.68,1567.97,1973.21946699
2022-11-08 19:00:00,1569.61,1578.76,1223.11,1332.52,13640.28325088
2022-11-09 19:00:00,1334.38,1336.22,1074.28,1101.3,11324.19657216
2022-11-10 19:00:00,1102.36,1349.95,1087.17,1299.16,8644.03321524
2022-11-11 19:00:00,1300.38,1308.05,1200.52,1289.65,3277.2343131
2022-11-12 19:00:00,1288.92,1290.45,1240.79,1255.24,915.46974663
2022-11-13 19:00:00,1255.52,1272.54,1202.75,1220.3,2211.01575632
2022-11-14 19:00:00,1223.98,1290.0,1173.01,1242.6,3352.24189555
2022-11-15 19:00:00,1240.99,1291.05,1234.33,1253.66,2624.65770508
2022-11-16 19:00:00,1250.69,1266.81,1188.0,1216.85,2949.04731597
2022-11-17 19:00:00,1217.5,1227.0,1182.02,1200.62,1402.05696168
2022-11-18 19:00:00,1199.68,1232.55,1199.68,1212.67,1125.55381758
2022-11-19 19:00:00,1212.49,1232.0,1199.41,1219.58,597.61806755
2022-11-20 19:00:00,1219.6,1225.86,1133.62,1142.75,2069.3543499
2022-11-21 19:00:00,1142.7,1144.79,1081.27,1107.52,6221.11568333
2022-11-22 19:00:00,1106.55,1141.46,1075.59,1136.54,3183.6757065
2022-11-23 19:00:00,1139.81,1189.36,1129.19,1183.91,2654.50509955
2022-11-24 19:00:00,1185.12,1250.0,1181.09,1205.0,4035.58391518
2022-11-25 19:00:00,1204.01,1206.4,1172.8,1199.0,1674.64687741
2022-11-26 19:00:00,1197.58,1234.79,1197.15,1205.0,691.19742591
2022-11-27 19:00:00,1205.32,1221.91,1189.87,1193.08,725.08965075
2022-11-28 19:00:00,1192.18,1300.0,1152.0,1168.74,3157.53225629
2022-11-29 19:00:00,1167.34,1225.94,1160.0,1215.51,1934.18780711
2022-11-30 19:00:00,1216.71,1309.07,1213.33,1294.62,1716.52278904
2022-12-01 19:00:00,1294.62,1297.38,1250.43,1274.41,1694.58426428
2022-12-02 19:00:00,1275.91,1296.08,1266.6,1291.66,1288.57221482
2022-12-03 19:00:00,1295.55,1305.03,1237.23,1241.8,1812.52636601
2022-12-04 19:00:00,1241.0,1285.62,1241.0,1280.2,669.33103207
2022-12-05 19:00:00,1277.13,1304.2,1247.65,1258.49,1667.36652466
2022-12-06 19:00:00,1259.8,1275.07,1242.73,1273.3,1369.04966281
2022-12-07 19:00:00,1271.93,1276.84,1219.79,1231.26,1890.20063733
2022-12-08 19:00:00,1232.23,1291.85,1220.0,1281.2,2110.7148279
2022-12-09 19:00:00,1280.43,1295.8,1256.31,1264.11,1794.48555622
2022-12-10 19:00:00,1262.64,1281.65,1261.54,1266.61,471.77285577
2022-12-11 19:00:00,1266.14,1283.26,1256.32,1263.64,2090.95496113
2022-12-12 19:00:00,1263.14,1277.9,1241.25,1274.43,1960.80508083
2022-12-13 19:00:00,1275.74,1345.92,1256.67,1320.73,4727.26148573
2022-12-14 19:00:00,1321.2,1350.2,1300.48,1308.64,2170.46449137
2022-12-15 19:00:00,1307.75,1310.16,1259.88,1266.3,1958.45963009
2022-12-16 19:00:00,1266.7,1278.59,1157.61,1167.0,2815.92240208
2022-12-17 19:00:00,1167.11,1188.86,1162.8,1186.16,818.12168834
2022-12-18 19:00:00,1187.3,1195.37,1173.31,1182.33,386.22064857
2022-12-19 19:00:00,1183.42,1194.1,1151.0,1166.63,1479.55171396
2022-12-20 19:00:00,1168.09,1229.0,1164.42,1220.06,1915.20164916
2022-12-21 19:00:00,1217.19,1221.89,1200.06,1213.68,1569.50363949
2022-12-22 19:00:00,1213.69,1236.6,1184.4,1216.58,1955.51257092
2022-12-23 19:00:00,1217.94,1229.45,1212.35,1219.37,733.38571866
2022-12-24 19:00:00,1220.22,1226.71,1215.51,1220.34,137.85189604
2022-12-25 19:00:00,1220.66,1223.96,1192.98,1218.14,715.8728682
2022-12-26 19:00:00,1218.67,1229.67,1212.82,1228.03,548.14821688
2022-12-27 19:00:00,1228.17,1233.08,1202.48,1212.13,921.54835989
2022-12-28 19:00:00,1211.8,1214.37,1182.33,1190.45,1550.71633318
2022-12-29 19:00:00,1190.19,1205.57,1187.04,1201.37,529.14456983
2022-12-30 19:00:00,1200.42,1201.71,1182.88,1198.72,1080.5547096
2022-12-31 19:00:00,1198.38,1208.38,1191.95,1196.61,691.67230076
2023-01-01 19:00:00,1195.81,1203.76,1192.16,1199.83,909.92986027
2023-01-02 19:00:00,1200.73,1223.68,1193.93,1214.53,1173.40345629
2023-01-03 19:00:00,1214.25,1219.3,1205.89,1214.78,1037.82968258
2023-01-04 19:00:00,1214.8,1271.21,1213.49,1256.21,2720.42031896
2023-01-05 19:00:00,1256.84,1258.68,1243.34,1250.3,731.55216662
2023-01-06 19:00:00,1251.16,1276.4,1236.44,1269.06,1254.61757531
2023-01-07 19:00:00,1267.88,1271.13,1262.07,1264.36,271.29490643
2023-01-08 19:00:00,1264.36,1294.56,1257.68,1288.11,649.34620283
2023-01-09 19:00:00,1288.68,1344.0,1285.78,1320.5,2804.15571813
2023-01-10 19:00:00,1321.61,1346.36,1317.15,1334.89,1123.7340736
2023-01-11 19:00:00,1336.56,1397.0,1321.73,1390.32,1811.71212714
2023-01-12 19:00:00,1389.88,1436.13,1364.0,1416.51,3843.98542748
2023-01-13 19:00:00,1416.21,1464.24,1402.5,1451.39,1387.81021183
2023-01-14 19:00:00,1451.08,1598.6,1449.63,1550.72,3406.62527114
2023-01-15 19:00:00,1550.21,1566.94,1517.0,1552.35,722.48944371
2023-01-16 19:00:00,1552.34,1603.91,1522.7,1575.44,1859.56713756
2023-01-17 19:00:00,1575.41,1606.52,1542.83,1565.38,1034.2347775
2023-01-18 19:00:00,1564.77,1608.42,1500.58,1514.12,3417.87025683
2023-01-19 19:00:00,1514.22,1562.44,1514.22,1552.36,985.11024044
2023-01-20 19:00:00,1550.32,1669.11,1543.61,1659.9,2458.19458804
2023-01-21 19:00:00,1655.53,1678.39,1617.4,1624.3,1505.91147875
2023-01-22 19:00:00,1623.83,1662.05,1605.33,1628.33,1228.12126448
2023-01-23 19:00:00,1627.79,1646.84,1585.16,1626.75,1263.53118659
